id,name,type,description,aliases,first_seen_chapter,first_seen_act,occurrence_count,chapter_number,act_number
character_0,温柔的女声,Character,在剧情中出现，关心主角的女声,温柔的女声,第0章,第1幕,1,,
character_1,元气的女声,Character,在剧情中出现，充满活力的女声,元气的女声,第0章,第1幕,1,,
character_2,炽霞,Character,角色之一，与秧秧一起出现,马小芳,第0章,第1幕,9,,
character_3,秧秧,Character,角色之一，与炽霞一起出现,,第0章,第1幕,12,,
location_4,云陵谷,Location,今州城边地野外,,第0章,第1幕,3,,
location_5,今州城,Location,瑝珑属下的城市,,第0章,第1幕,4,,
location_6,瑝珑,Location,共有一庭六州的地方,,第0章,第1幕,1,,
item_7,葫芦（盘古终端）,Item,失去信号的通讯工具,葫芦|终端,第0章,第1幕,1,,
character_8,今州岁主「角」,Character,今州的岁主，龙形,角,第0章,第1幕,1,,
character_9,白芷,Character,与炽霞和秧秧一起行动的角色,,第0章,第1幕,5,,
item_10,信标,Item,具有防护作用的设备,,第0章,第1幕,1,,
item_11,伞翼模块,Item,终端里的模块，用于通过高度落差,,第0章,第1幕,1,,
location_12,天空海,Location,影响通讯和形成无音区的地方,,第0章,第1幕,1,,
event_13,无音区,Event,由天空海影响形成的危险区域,,第0章,第1幕,1,,
chapter_14,第0章《序章》第1幕《万象新声 · 上》,Chapter,序章 - 万象新声 · 上,,,,1,0,1
location_15,边庭,Location,今州的政治中心和类书所在地,,第0章,第2幕,4,,
organization_16,研究院,Organization,白芷需要返回的地方，也是漂泊者需要去检查身体的地方,,第0章,第2幕,2,,
character_17,漂泊者,Character,炽霞和秧秧讨论的对象，需要进行身体检查,,第0章,第2幕,19,,
location_18,无音区,Location,白芷提到的地点，正在复苏,,第0章,第2幕,3,,
event_19,海蚀,Event,白芷提到的频发现象,,第0章,第2幕,1,,
item_20,声骸,Item,炽霞通过吸收残响获得的物品,,第0章,第2幕,1,,
item_21,终端,Item,炽霞使用的设备，用于吸收声骸,,第0章,第2幕,1,,
location_22,中枢信标,Location,炽霞提议带漂泊者去登记的地方,,第0章,第2幕,3,,
event_23,太平乐,Event,今州城内的一种娱乐活动,,第0章,第2幕,1,,
event_24,英雄戏,Event,今州城内的一种娱乐活动,,第0章,第2幕,1,,
event_25,折子书,Event,今州城内的一种娱乐活动,,第0章,第2幕,1,,
event_26,拳道赛,Event,今州城内的一种娱乐活动,,第0章,第2幕,1,,
chapter_27,第0章《序章》第2幕《万象新声 · 下》,Chapter,序章 - 万象新声 · 下,,,,1,0,2
entity_28,云陵谷异变,Entity,,,,,1,,
entity_29,无音区复苏,Entity,,,,,1,,
entity_30,海蚀现象频发,Entity,,,,,1,,
character_31,发愁的角斗士,Character,在狩猎者营地中与谕女对话的角色,,第2章,第12幕,1,,
character_32,不满的谕女,Character,在狩猎者营地中与角斗士对话的角色,,第2章,第12幕,1,,
character_33,心情沉重的老者,Character,在狩猎者营地中回忆过去的角色,,第2章,第12幕,1,,
character_34,小卡尤斯,Character,在狩猎者营地中与荣誉加身的角斗士互动的角色,,第2章,第12幕,1,,
character_35,荣誉加身的角斗士,Character,在狩猎者营地中与小卡尤斯互动的角色,,第2章,第12幕,1,,
character_36,初出茅庐的角斗士,Character,在狩猎者营地中与沉稳的角斗士对话的角色,,第2章,第12幕,1,,
character_37,沉稳的角斗士,Character,在狩猎者营地中与初出茅庐的角斗士对话的角色,,第2章,第12幕,1,,
character_38,热情的商贩,Character,在狩猎者营地中提供饮品的角色,,第2章,第12幕,1,,
character_39,礼官布里奥,Character,在庆典中邀请漂泊者作为筹花人的角色,,第2章,第12幕,1,,
character_40,奥古斯塔,Character,被提及的角色，原本会和礼官布里奥一起迎接漂泊者,,第2章,第12幕,3,,
location_41,狩猎者营地,Location,故事发生的主要地点,,第2章,第12幕,1,,
item_42,太阳碎片,Item,老者提到的物品,,第2章,第12幕,1,,
item_43,徽章,Item,荣誉加身的角斗士提到的物品,,第2章,第12幕,1,,
item_44,冰川水酿的雪酒,Item,热情的商贩提供的饮品之一,,第2章,第12幕,1,,
item_45,熔岩熏煮的热酿,Item,热情的商贩提供的饮品之一,,第2章,第12幕,1,,
item_46,玫瑰,Item,筹花人分发的象征荣耀与凯旋的物品,,第2章,第12幕,1,,
organization_47,元老院,Organization,礼官布里奥提到的组织,,第2章,第12幕,2,,
location_48,七丘,Location,被多次提及的地点,,第2章,第12幕,6,,
event_49,黑潮,Event,被提及的事件,,第2章,第12幕,3,,
character_50,神王,Character,被提及的角色，已死,,第2章,第12幕,1,,
character_51,英雄王,Character,新诞生的王，庆典为其举办,,第2章,第12幕,1,,
character_52,莉莉贝婆婆,Character,被提及的角色，可能是谕女的前任,,第2章,第12幕,1,,
character_53,尤诺,Character,被提及的角色，可能是莉莉贝婆婆的天才继任者,,第2章,第12幕,1,,
character_54,谕女,Character,在庆典上诵读的角色,,第2章,第12幕,1,,
chapter_55,第2章《第二章》第12幕《今夜，注定属于月亮》,Chapter,第二章 - 今夜，注定属于月亮,,,,1,2,12
character_56,琳奈,Character,星炬学院的学生，自由研究课题需要收集虚诞虫的生态数据，也为了测试新改装好的摩托性能而出现在虚诞虫活跃区,小琳奈,第3章,第2幕,3,,
location_57,星炬学院,Location,琳奈和漂泊者所在的学院，拥有中枢信标和医务室等设施,,第3章,第2幕,2,,
location_58,医务室,Location,星炬学院内的医务室，用于检查学生的身体情况,,第3章,第2幕,1,,
item_59,虚诞虫,Item,活跃在星炬学院附近的生物，与漂泊者的频率紊乱有关,,第3章,第2幕,1,,
character_60,阿布,Character,漂泊者的同伴，与漂泊者一起前往医务室,,第3章,第2幕,15,,
character_61,千咲,Character,漂泊者的朋友，穿过空间隧道后与漂泊者在星炬学院重逢,,第3章,第2幕,3,,
character_62,N.A.N.A.,Character,星炬学院医务室的工作人员，负责检查学生的身体情况,,第3章,第2幕,1,,
character_63,阿莱谢夫教授,Character,星炬学院的教授，与琳奈有小组作业汇报的任务,,第3章,第2幕,1,,
location_64,拉海洛,Location,琳奈和漂泊者所在的地区，漂泊者在此地被琳奈撞到,,第3章,第2幕,3,,
location_65,黑海岸,Location,漂泊者来自的地方,,第3章,第2幕,5,,
location_66,穗波市,Location,千咲之前所在的城市，漂泊者曾在收音机里听到过千咲的声音,,第3章,第2幕,4,,
chapter_67,第3章《第三章》第2幕《冰原下的星炬》,Chapter,第三章 - 冰原下的星炬,,,,1,3,2
character_68,忌炎,Character,将军，与哥舒临将军对话，讨论战斗的目的和牺牲的意义,将军,第1章,第6幕,3,,
character_69,夜归士兵,Character,向忌炎将军报告士兵情况和抗溯洄雨药剂的效果,,第1章,第6幕,1,,
character_70,哥舒临,Character,与忌炎将军讨论战斗的目的和牺牲的意义,,第1章,第6幕,1,,
character_71,军士,Character,向忌炎将军报告装备修理和黑石武器校准情况，以及随行军医的建议,,第1章,第6幕,1,,
location_72,今州,Location,用于抵御溯洄雨的防御工事所在地,,第1章,第6幕,5,,
location_73,北落野,Location,忌炎将军计划进军的地点,,第1章,第6幕,4,,
item_74,抗溯洄雨药剂,Item,研究院配备的药剂，减少士兵的幻觉感,,第1章,第6幕,1,,
item_75,黑石武器,Item,已分发给共鸣者的武器，与防护罩和残象潮有关,,第1章,第6幕,1,,
item_76,防护罩,Item,今州用于抵御溯洄雨的防御工事,,第1章,第6幕,1,,
organization_77,天工,Organization,桃祈所属的组织，负责处理与边防工事相关的事务,,第1章,第6幕,1,,
character_78,桃祈,Character,天工的事务长，负责处理与边防工事相关的事务,,第1章,第6幕,1,,
character_79,秋水,Character,解释溯洄雨和残象潮的关系，以及今州的隐患,,第1章,第6幕,3,,
character_80,今汐,Character,通过通讯指导人们有序避险,,第1章,第6幕,4,,
event_81,弯刀之役,Event,与当前景象相似的历史事件,,第1章,第6幕,2,,
event_82,残象潮,Event,由溯洄雨造成的事件，导致防护罩受损,,第1章,第6幕,1,,
event_83,角的预言,Event,提到月相完满之时，漂泊之人归来的预言,,第1章,第6幕,1,,
chapter_84,第1章《第一章》第6幕《千里卷戎旌 · 上》,Chapter,第一章 - 千里卷戎旌 · 上,,,,1,1,6
character_85,鉴心,Character,在北落峡谷中提出断后的角色,,第1章,第7幕,1,,
location_86,北落峡谷,Location,故事发生的主要地点之一,,第1章,第7幕,1,,
location_87,悬浮废墟,Location,故事发生的主要地点之一,,第1章,第7幕,1,,
character_88,无相燹主,Character,被忌炎提及的势力领袖,,第1章,第7幕,1,,
organization_89,夜归军,Organization,被忌炎提及的军队，拥有特定的剑术,,第1章,第7幕,2,,
character_90,无冠者,Character,在悬浮废墟中被击败的敌人,,第1章,第7幕,2,,
character_91,无妄者·绝灭的兵刃,Character,在悬浮废墟中被击败的怪物,,第1章,第7幕,1,,
item_92,月亮,Item,被忌炎提及的可能为敌人核心的物品,,第1章,第7幕,1,,
item_93,龙枪,Item,被忌炎提及的武器，被敌人复制,,第1章,第7幕,1,,
character_94,凿空,Character,被忌炎提及的角色，拥有创造道路的能力,,第1章,第7幕,1,,
chapter_95,第1章《第一章》第7幕《千里卷戎旌 · 下》,Chapter,第一章 - 千里卷戎旌 · 下,,,,1,1,7
character_96,令尹,Character,今州的州主，与漂泊者有约见,,第1章,第1幕,2,,
character_97,散华,Character,令尹的贴身近卫，与漂泊者有对话,,第1章,第1幕,2,,
item_98,全域通讯留言,Item,可以提前录制的通讯留言,,第1章,第1幕,1,,
item_99,信物,Item,令尹留给漂泊者的物品，作为凭证和信号,,第1章,第1幕,1,,
chapter_100,第1章《第一章》第1幕《嘤鸣初相召》,Chapter,第一章 - 嘤鸣初相召,,,,1,1,1
location_101,埃格拉小镇,Location,阿布提到的适合起飞的地点,,第2章,第6幕,1,,
character_102,夏空,Character,流浪的吟游诗人，与漂泊者对话,,第2章,第6幕,2,,
character_103,珂莱塔,Character,与漂泊者对话的角色，提到翡萨烈家主,,第2章,第6幕,2,,
location_104,波蒂维诺堡,Location,漂泊者被邀请前往的地点,,第2章,第6幕,1,,
character_105,赛巴斯,Character,在波蒂维诺堡的角色，去通知家主,,第2章,第6幕,1,,
character_106,坎特蕾拉,Character,翡萨烈第36任家主，与漂泊者有对话,坎特蕾拉·翡萨烈,第2章,第6幕,4,,
character_107,吉尔贝,Character,被提及的角色，精神状况被讨论,,第2章,第6幕,3,,
location_108,拉古那,Location,被提及的地点，现状被讨论,,第2章,第6幕,7,,
location_109,瑝珑今州,Location,茶的来源地，被漂泊者提及,,第2章,第6幕,1,,
location_110,索诺拉,Location,与翡萨烈地底直通的地点,,第2章,第6幕,6,,
location_111,阿维纽林,Location,第二次黑潮的发生地点，最大的神学院,,第2章,第6幕,2,,
item_112,提尔芬,Item,坎特蕾拉尝试与之共鸣的物品,,第2章,第6幕,1,,
character_113,卡提希娅,Character,被提及的角色，可能与第二次黑潮有关,,第2章,第6幕,8,,
character_114,岁主,Character,被提及的神秘角色，与黑潮有关,英白拉多,第2章,第6幕,3,,
character_115,角,Character,被提及的角色，今州的岁主,,第2章,第6幕,2,,
item_116,咕咕河豚,Item,在遗址中出现的生物,,第2章,第6幕,1,,
chapter_117,第2章《第二章》第6幕《圣者，忤逆者，告死者》,Chapter,第二章 - 圣者，忤逆者，告死者,,,,1,2,6
character_118,赞妮,Character,银行员工,,第2章,第3幕,2,,
character_119,诺亚,Character,声骸船,,第2章,第3幕,1,,
character_120,守门人,Character,埃弗拉德金库的守门人,,第2章,第3幕,1,,
location_121,埃弗拉德金库,Location,金库地点,,第2章,第3幕,2,,
event_122,声骸失控事件,Event,在狂欢节预演上发生的事件,,第2章,第3幕,1,,
organization_123,莫塔里家族,Organization,家族组织,,第2章,第3幕,3,,
character_124,珂莱塔·莫塔里,Character,莫塔里家族的次女,珂莱塔,第2章,第3幕,1,,
organization_125,翡萨烈家族,Organization,家族组织,,第2章,第3幕,1,,
organization_126,隐海修会,Organization,组织,,第2章,第3幕,1,,
organization_127,残星会,Organization,组织,,第2章,第3幕,7,,
character_128,激动的造匠,Character,残星会成员,,第2章,第3幕,1,,
character_129,混乱的造匠,Character,残星会成员,,第2章,第3幕,1,,
item_130,珠宝套装,Item,珂莱塔要求赞妮准备的物品,,第2章,第3幕,1,,
item_131,香水,Item,珂莱塔要求赞妮准备的物品,,第2章,第3幕,1,,
location_132,化妆间,Location,地点,,第2章,第3幕,1,,
character_133,科波拉先生,Character,珂莱塔的叔父，负责狂欢节相关事务,,第2章,第3幕,1,,
chapter_134,第2章《第二章》第3幕《夜与昼，均请摘下面纱》,Chapter,第二章 - 夜与昼，均请摘下面纱,,,,1,2,3
location_135,祈池村,Location,故事发生的村庄,,第1章,第3幕,2,,
item_136,残破的木牌,Item,特殊仪式使用的木牌,,第1章,第3幕,1,,
character_137,奇怪的残象,Character,发出求救信号的残象,,第1章,第3幕,1,,
organization_138,炽霞,Organization,秧秧要同步告知的组织,,第1章,第3幕,1,,
organization_139,造匠,Organization,残星会中的边缘成员,,第1章,第3幕,1,,
organization_140,会监,Organization,残星会的领导者,,第1章,第3幕,1,,
character_141,伤痕,Character,残星会会监之一，残忍变态的疯子,,第1章,第3幕,3,,
chapter_142,第1章《第一章》第3幕《奔策候残星》,Chapter,第一章 - 奔策候残星,,,,1,1,3
character_143,守岸人,Character,与主角通讯并提供信息的角色,,第2章,第1幕,3,,
location_144,泰缇斯,Location,存在底层空间和记录的地方,,第2章,第1幕,1,,
location_145,黎那汐塔,Location,以声骸技术闻名的地方，被称为声骸之国,,第2章,第1幕,4,,
character_146,英白拉多,Character,黎那汐塔岁主的名字,,第2章,第1幕,1,,
character_147,库默尼,Character,在黑海岸负责财务的角色,,第2章,第1幕,1,,
organization_148,埃弗拉德银行,Organization,莫塔里家族准备的启动资金可以在此提取,,第2章,第1幕,1,,
item_149,附带香气的神秘邀请函,Item,莫塔里家族发出的邀请函,,第2章,第1幕,1,,
chapter_150,第2章《第二章》第1幕《如一叶小舟穿行于茫茫海洋》,Chapter,第二章 - 如一叶小舟穿行于茫茫海洋,,,,1,2,1
character_151,布兰特,Character,提到了朋友、情报收集和梦境情况的角色,,第2章,第13幕,2,,
location_152,玛格烈特餐厅,Location,阿布想要去饱餐一顿的地方,,第2章,第13幕,1,,
item_153,文明之匣,Item,岁主留下的重要底层数据封存的匣子,,第2章,第13幕,1,,
character_154,泰缇斯,Character,提到了打不开文明之匣的角色,,第2章,第13幕,1,,
item_155,利维亚坦,Item,打开文明之匣需要借助的力量,,第2章,第13幕,2,,
character_156,黑海岸,Character,提到了拉古那周围海域异常的角色,,第2章,第13幕,1,,
character_157,洛可可,Character,提到了愚人剧团和梦境情况的角色,,第2章,第13幕,2,,
organization_158,愚人剧团,Organization,洛可可和布兰特所属的剧团,,第2章,第13幕,1,,
character_159,克里斯托弗,Character,在幻境中出现，讨论命运的角色,,第2章,第13幕,1,,
item_160,噩梦清醒仪,Item,洛可可提到用来唤醒漂泊者的物品,,第2章,第13幕,1,,
item_161,石碑,Item,上面刻有关于「璀璨擢升之途」和「至福永恒之城」的铭文,,第2章,第13幕,1,,
organization_162,苦信者集群,Organization,在神秘空间中提到的集体,,第2章,第13幕,1,,
location_163,风暴海,Location,提到残象变得更加活跃的地方,,第2章,第13幕,1,,
chapter_164,第2章《第二章》第13幕《已逝的必将归来》,Chapter,第二章 - 已逝的必将归来,,,,1,2,13
entity_165,璀璨擢升之途,Entity,,,,,1,,
entity_166,至福永恒之城,Entity,,,,,1,,
entity_167,代行者,Entity,,,,,1,,
location_168,荒石高地,Location,故事中提到的地点，与残星会有关联,,第1章,第4幕,1,,
character_169,造匠,Character,残星会通过机械改造人类以获取共鸣能力的人,,第1章,第4幕,1,,
item_170,日晷,Item,故事中的关键物品，包含令尹想要传递的信息,,第1章,第4幕,1,,
item_171,瑝珑类书,Item,故事中提到的数据库，包含重要数据资料,,第1章,第4幕,1,,
chapter_172,第1章《第一章》第4幕《庭际刀刃鸣》,Chapter,第一章 - 庭际刀刃鸣,,,,1,1,4
character_173,九思,Character,与阿布和漂泊者交谈的角色,,第1章,第9幕,1,,
character_174,庆祥,Character,与九思和漂泊者交谈的角色,,第1章,第9幕,1,,
location_175,美食街,Location,阿布和漂泊者讨论去吃饭的地方,,第1章,第9幕,1,,
location_176,乘霄山,Location,今州先民的祖地，岁主最近一次现身的地方,龙形的山,第1章,第9幕,3,,
location_177,怨鸟泽,Location,乘霄山在怨鸟泽东面的海上,,第1章,第9幕,1,,
location_178,渡口,Location,引路人可能在的地方,,第1章,第9幕,1,,
chapter_179,第1章《第一章》第9幕《往岁乘霄醒惊蛰》,Chapter,第一章 - 往岁乘霄醒惊蛰,,,,1,1,9
entity_180,引路人,Entity,,,,,1,,
character_181,转播布莱恩,Character,转播员,,第2章,第9幕,1,,
location_182,烈日酒馆,Location,赛事转播的地方,,第2章,第9幕,1,,
organization_183,磕磕撞撞,Organization,连胜二十一场的年轻外来战队,,第2章,第9幕,1,,
organization_184,伏尔甘矿业,Organization,七丘本土的老牌商业战队,,第2章,第9幕,1,,
character_185,黑海岸成员,Character,与漂泊者通讯的角色,,第2章,第9幕,1,,
location_186,颠倒塔,Location,适合卡提希娅休养的地方,,第2章,第9幕,1,,
item_187,英白拉多,Item,与索诺拉的形成有关的物品,,第2章,第9幕,1,,
item_188,鸣式利维亚坦,Item,卡提希娅感应到的残留力量,,第2章,第9幕,1,,
character_189,蜜芽,Character,与卡提希娅对峙过的角色,,第2章,第9幕,1,,
character_190,芬莱克,Character,与漂泊者对话的角色，提到残星会,,第2章,第9幕,1,,
character_191,弗洛洛,Character,与漂泊者对话，提到海底宝藏的角色,,第2章,第9幕,1,,
character_192,修会追兵,Character,追捕漂泊者和弗洛洛的角色,,第2章,第9幕,1,,
location_193,隐海试验场,Location,修会的地方,,第2章,第9幕,1,,
chapter_194,第2章《第二章》第9幕《捕梦于神秘园中》,Chapter,第二章 - 捕梦于神秘园中,,,,1,2,9
entity_195,赛事转播台,Entity,,,,,1,,
entity_196,码头,Entity,,,,,1,,
location_197,攀花饭馆,Location,炽霞和秧秧与漂泊者见面的地方,,第1章,第2幕,1,,
location_198,华胥研究院,Location,白芷所在的地方，炽霞提到漂泊者可能是数据样本来源之一,,第1章,第2幕,1,,
location_199,市集,Location,炽霞提到有莽吉柿出售的地方,,第1章,第2幕,1,,
location_200,训练营,Location,夜归军用于备战训练的地方，炽霞和秧秧讨论的地方,,第1章,第2幕,1,,
character_201,严彦,Character,训练营的教官，负责训练夜归新兵,,第1章,第2幕,1,,
character_202,今令尹,Character,给漂泊者通行权限的角色,,第1章,第2幕,2,,
character_203,忌炎将军,Character,在北落野带领兵士的角色,,第1章,第2幕,2,,
character_204,小道士,Character,想要出城寻人的角色，自称小道,鉴心,第1章,第2幕,1,,
item_205,锅盔,Item,小道士拥有的物品之一,,第1章,第2幕,1,,
item_206,贝币,Item,小道士拥有的货币,,第1章,第2幕,1,,
item_207,云纹离邪镜,Item,小道士拥有的物品之一,,第1章,第2幕,1,,
chapter_208,第1章《第一章》第2幕《撞金止行阵》,Chapter,第一章 - 撞金止行阵,,,,1,1,2
character_209,佩洛,Character,箱子的主人，照顾了洛可可,,第2章,第4幕,1,,
character_210,古龙,Character,袭击漂泊者的龙，从未离开过领地,叹息古龙,第2章,第4幕,1,,
character_211,珂莱塔小姐,Character,安排成员去接应漂泊者,,第2章,第4幕,1,,
location_212,悲叹墓岛,Location,昔日的朝圣地，因灾难变为悲叹墓岛,,第2章,第4幕,1,,
location_213,海雾,Location,危险区域，有收集残响的本能,,第2章,第4幕,1,,
location_214,灯塔,Location,海雾中唯一安全的区域,,第2章,第4幕,1,,
item_215,源能礼花枪,Item,可以把残象一枪轰飞的道具,,第2章,第4幕,1,,
item_216,大口径改良型源能礼花枪,Item,源能礼花枪的加强版,,第2章,第4幕,1,,
item_217,剧团长砍价刀,Item,洛可可提供的另一种道具,,第2章,第4幕,1,,
organization_218,修会,Organization,使用悲叹墓岛作为朝圣地的组织,,第2章,第4幕,1,,
organization_219,剧团,Organization,布兰特是团长，成员们担心布兰特未归,,第2章,第4幕,1,,
chapter_220,第2章《第二章》第4幕《昔我悲伤，今却歌唱》,Chapter,第二章 - 昔我悲伤，今却歌唱,,,,1,2,4
character_221,丽露,Character,关心千咲状况的角色,,第2章,第18幕,2,,
character_222,瓦莲京娜,Character,提供信息的角色,,第2章,第18幕,2,,
organization_223,泰缇斯系统,Organization,监测穗波市的系统,,第2章,第18幕,2,,
character_224,执花澄夏,Character,失踪的黑海岸成员,,第2章,第18幕,1,,
character_225,库休休,Character,与千咲有互动的角色,,第2章,第18幕,1,,
location_226,新枝地,Location,泰缇斯终端所在的地方,,第2章,第18幕,1,,
organization_227,谬误收容所,Organization,执花澄夏所属的组织,,第2章,第18幕,1,,
organization_228,星图,Organization,铭记执花澄夏的组织,,第2章,第18幕,1,,
character_229,洄游鱼,Character,展示穗波市景象的角色,,第2章,第18幕,1,,
location_230,列车长咖啡厅,Location,千咲和漂泊者休息的地方,,第2章,第18幕,2,,
chapter_231,第2章《第二章》第18幕《星光流转于眼眸之间》,Chapter,第二章 - 星光流转于眼眸之间,,,,1,2,18
entity_232,泰缇斯终端,Entity,,,,,1,,
character_233,利维亚坦,Character,造成精神腐化的角色,,第2章,第14幕,1,,
character_234,嘉贝莉娜,Character,提供信息和建议的角色,,第2章,第14幕,1,,
organization_235,翡萨烈,Organization,与鸣式抗衡百年的组织,,第2章,第14幕,1,,
item_236,黑潮,Item,与利维亚坦相关的现象,,第2章,第14幕,1,,
item_237,秘药,Item,坎特蕾拉调配的药物，能抑制利维亚坦的精神腐化,,第2章,第14幕,1,,
character_238,鸣式,Character,与翡萨烈抗衡百年的角色,,第2章,第14幕,3,,
event_239,巡游天国,Event,利维亚坦计划中的事件,,第2章,第14幕,1,,
character_240,剧作家,Character,在黎那汐塔引发戏剧冲突的角色,,第2章,第14幕,1,,
chapter_241,第2章《第二章》第14幕《暗潮将映的黎明》,Chapter,第二章 - 暗潮将映的黎明,,,,1,2,14
location_242,谬误收容所,Location,守岸人所在的地方,,第2章,第17幕,1,,
character_243,卜灵,Character,与漂泊者交谈的角色，感知到异常频率,,第2章,第17幕,1,,
character_244,阿德里安,Character,提及沉没城市的角色,,第2章,第17幕,1,,
organization_245,执花,Organization,尝试进入索诺拉调查的组织成员,,第2章,第17幕,1,,
chapter_246,第2章《第二章》第17幕《曙光停摆于荒地之上》,Chapter,第二章 - 曙光停摆于荒地之上,,,,1,2,17
entity_247,上班族,Entity,,,,,1,,
character_248,波仔,Character,帮助校准坐标的角色,,第3章,第1幕,1,,
event_249,虚质磁暴,Event,拉海洛的一种海蚀现象,,第3章,第1幕,1,,
organization_250,深空联合,Organization,国际性科研组织，对稳定频率的研究处于世界前列,,第3章,第1幕,1,,
character_251,虚诞虫,Character,追击漂泊者和琳奈的未知角色,,第3章,第1幕,1,,
chapter_252,第3章《第三章》第1幕《未知的既感》,Chapter,第三章 - 未知的既感,,,,1,3,1
organization_253,黑海岸,Organization,关注主角的组织，研究悲鸣,,第1章,第5幕,2,,
character_254,林奶奶,Character,盆景店的店主，对花卉有见地,林素,第1章,第5幕,1,,
character_255,说书人,Character,讲述“弯刀之役”历史的角色,,第1章,第5幕,1,,
item_256,黑花,Item,黑海岸成员佩戴的物品，用于寻找线索,,第1章,第5幕,2,,
location_257,商业街,Location,林奶奶经营盆景店的地方,,第1章,第5幕,1,,
location_258,后山,Location,今州城后的一个地点，进行生态调研的地方,,第1章,第5幕,1,,
location_259,瀑布,Location,通往后山的捷径，位于今州城广场后,,第1章,第5幕,1,,
character_260,植物系共鸣者,Character,通晓植物的角色，可能知道黑花的信息,小星星花,第1章,第5幕,1,,
chapter_261,第1章《第一章》第5幕《欲知天将雨》,Chapter,第一章 - 欲知天将雨,,,,1,1,5
location_262,列奥尼达酒店,Location,阿布和漂泊者对话的地点,,第2章,第11幕,1,,
character_263,德米安,Character,总督宫侍从,,第2章,第11幕,1,,
location_264,总督宫,Location,德米安工作的地点，奥古斯塔所在的地方,,第2章,第11幕,2,,
item_265,亚狮诺索,Item,荣耀狮像,,第2章,第11幕,2,,
location_266,桑古伊斯狩原,Location,七丘人对抗黑潮的前沿,,第2章,第11幕,2,,
location_267,彻地之楔,Location,岁主英白拉多在桑古伊斯狩原的降临地,,第2章,第11幕,1,,
location_268,风潮崖,Location,奥古斯塔与漂泊者约定的地点,,第2章,第11幕,1,,
character_269,阿维狄亚,Character,角斗士，带领漂泊者前往风潮崖,,第2章,第11幕,1,,
chapter_270,第2章《第二章》第11幕《灼我以烈阳》,Chapter,第二章 - 灼我以烈阳,,,,1,2,11
character_271,露帕,Character,英武的守护者、女武神，与漂泊者搭档,,第2章,第8幕,2,,
character_272,亚狮诺索,Character,英武的守护者、女武神，声骸之一,,第2章,第8幕,1,,
location_273,荣耀之间,Location,英雄们被埋葬的地方,,第2章,第8幕,1,,
item_274,特库斯的剑,Item,属于特库斯的剑，受到黑潮的污染,,第2章,第8幕,1,,
character_275,特库斯,Character,数百年前拉古那爆发黑潮时的总督之子，抵御黑潮的领头人,,第2章,第8幕,1,,
character_276,蜜芽选手,Character,已故的角斗士，露帕提到的角色,,第2章,第8幕,1,,
character_277,岁主英白拉多,Character,与七丘起源信标相关的角色,,第2章,第8幕,1,,
chapter_278,第2章《第二章》第8幕《燃烧的心》,Chapter,第二章 - 燃烧的心,,,,1,2,8
location_279,拉古那城,Location,故事发生的城市,,第2章,第15幕,1,,
location_280,拉古那广场,Location,拉古那城的一个地点,,第2章,第15幕,1,,
character_281,桂冠,Character,参与战斗的角色,,第2章,第15幕,1,,
character_282,漆黑的猎人,Character,击败劲敌的角色,,第2章,第15幕,1,,
character_283,仇远,Character,故事中的一个角色,,第2章,第15幕,1,,
character_284,接引教士,Character,教堂的教士,,第2章,第15幕,1,,
character_285,利奥,Character,故事中的一个角色,,第2章,第15幕,1,,
character_286,菲比,Character,教堂里的民众,,第2章,第15幕,2,,
character_287,莫塔里家的珂莱塔,Character,故事中的一个角色,珂莱塔,第2章,第15幕,1,,
organization_288,瑝珑,Organization,故事中的一个组织,,第2章,第15幕,2,,
location_289,水星天教堂,Location,平民撤离的地点,,第2章,第15幕,1,,
character_290,托卡塔,Character,故事中的一个角色,,第2章,第15幕,1,,
character_291,梁先生,Character,明庭要员之一,,第2章,第15幕,1,,
organization_292,明庭,Organization,故事中的一个组织,,第2章,第15幕,1,,
character_293,谛天鉴,Character,专司岁主事务的角色,,第2章,第15幕,1,,
character_294,主座芬莱克,Character,掌握始源圣器的角色,芬莱克,第2章,第15幕,1,,
item_295,拉古那始源圣器,Item,主座芬莱克掌握的物品,,第2章,第15幕,1,,
location_296,狄萨莱海脊,Location,芬莱克秘密修建的试验场所在地,,第2章,第15幕,1,,
entity_297,利维亚坦,Entity,与黑潮相关的存在,,第2章,第15幕,1,,
chapter_298,第2章《第二章》第15幕《独在异乡为异客》,Chapter,第二章 - 独在异乡为异客,,,,1,2,15
character_299,伊什麦尔,Character,介绍黎那汐塔传统和钓鱼技巧的角色,,第2章,第5幕,1,,
location_300,黎乔利群岛,Location,风暴海寒暖洋流交汇的地方，鱼群集中地,,第2章,第5幕,1,,
character_301,亚哈,Character,老船长，与码头是老相识,,第2章,第5幕,1,,
character_302,普朗克,Character,章鱼商人，提供出海捕鱼所需物品和修葺船只服务,,第2章,第5幕,1,,
item_303,拉结号,Item,亚哈的老船，用于出海捕鱼,,第2章,第5幕,1,,
character_304,科芬,Character,水产商人，对修会持负面态度,,第2章,第5幕,1,,
character_305,魁格,Character,修船工，亚哈提到的角色,,第2章,第5幕,1,,
character_306,斯塔巴克斯,Character,脑子不太灵光的人，据说是因为见过溯海之鲸,,第2章,第5幕,1,,
location_307,舵盘村,Location,亚哈建议去的地方，寻找斯塔巴克斯,,第2章,第5幕,1,,
item_308,溯海之鲸,Item,菲比寻找的对象，与亚哈有关联,,第2章,第5幕,1,,
chapter_309,第2章《第二章》第5幕《老人鱼海》,Chapter,第二章 - 老人鱼海,,,,1,2,5
character_310,莫宁,Character,深空联合的研究员，对食物的口味和能量压缩技术有了解,,第3章,第3幕,2,,
item_311,海维夏探测器,Item,失控的探测器，需要被镇压,,第3章,第3幕,1,,
organization_312,新联邦,Organization,与深空联合在能量压缩技术领域有竞争的组织,,第3章,第3幕,1,,
organization_313,瑝珑华胥研究所,Organization,与深空联合在能量压缩技术领域有竞争的研究所,,第3章,第3幕,1,,
character_314,法芙娜,Character,在集市整理货物时看到日灵的角色,,第3章,第3幕,1,,
character_315,斯万,Character,在集市整理货物时看到日灵的角色,,第3章,第3幕,1,,
item_316,日灵,Item,白色的，和一个南瓜差不多大的物体,,第3章,第3幕,1,,
item_317,日轮,Item,换日仪式中最重要的东西之一，由罗伊族获取数据,,第3章,第3幕,1,,
organization_318,罗伊族,Organization,能从日轮中获取数据的族群,,第3章,第3幕,1,,
character_319,玛嘉,Character,探测机器人的负责人，因机器人失控而逃课,,第3章,第3幕,1,,
organization_320,引日殿,Organization,罗伊族中的一个组织，有「昭日者」和「秘日六席」,,第3章,第3幕,1,,
organization_321,秘日六席,Organization,罗伊族中最崇高最厉害的六个人,,第3章,第3幕,1,,
location_322,学院宿舍,Location,阿布和莫宁约定见面的地点,,第3章,第3幕,1,,
organization_323,星炬学院,Organization,阿布和漂泊者所属的学院,,第3章,第3幕,1,,
chapter_324,第3章《第三章》第3幕《致第二次日出》,Chapter,第三章 - 致第二次日出,,,,1,3,3
entity_325,探测机器人,Entity,,,,,1,,
item_326,高天讯使,Item,阿布提到的交通工具,,第2章,第7幕,1,,
organization_327,桂冠,Organization,联络坎特蕾拉的组织,,第2章,第7幕,1,,
organization_328,缥浪队,Organization,角斗队伍，马蒂亚是其中一员,,第2章,第7幕,1,,
character_329,马蒂亚,Character,缥浪队的成员，参与角斗,,第2章,第7幕,1,,
location_330,卡庇托山,Location,举办大角斗赛的地方,,第2章,第7幕,2,,
chapter_331,第2章《第二章》第7幕《荣耀暗面》,Chapter,第二章 - 荣耀暗面,,,,1,2,7
entity_332,七丘人,Entity,,,,,1,,
character_333,夜归,Character,与秧秧会合的角色,,第2章,第16幕,1,,
character_334,釉瑚,Character,今州城里的古玩专家，寻找宝物线索,,第2章,第16幕,1,,
location_335,归墟港市,Location,故事发生地，寻找黑海岸成员的地方,,第2章,第16幕,1,,
character_336,妮娅,Character,黑海岸的执花，请求玩家昵称帮忙,,第2章,第16幕,1,,
item_337,泰缇斯系统,Item,指挥黑海岸成员行动的系统,,第2章,第16幕,1,,
character_338,霍德,Character,黑海岸执花的名字，与引力源有关,,第2章,第16幕,1,,
item_339,引力源,Item,异常频率，与霍德有关,,第2章,第16幕,1,,
location_340,稷廷,Location,与古董有关的地方,,第2章,第16幕,1,,
chapter_341,第2章《第二章》第16幕《行至海岸尽头》,Chapter,第二章 - 行至海岸尽头,,,,1,2,16
entity_342,玩家昵称,Entity,,,,,1,,
character_343,小家伙,Character,与漂泊者有依存性趋同的特殊声骸,声骸,第1章,第8幕,1,,
location_344,蜃境,Location,诏州出现的地方，白芷不得不过去处理,,第1章,第8幕,1,,
chapter_345,第1章《第一章》第8幕《行路遇新知》,Chapter,第一章 - 行路遇新知,,,,1,1,8
character_346,隧者,Character,罗伊人的三纪神话中的角色，与鸣式交战,,第3章,第4幕,1,,
item_347,罗伊人的三纪神话,Item,故事中提到的神话，与隧者和鸣式有关,,第3章,第4幕,1,,
character_348,洛瑟菈,Character,在教室中讲述罗伊人的三纪神话的角色,,第3章,第4幕,1,,
character_349,娜波摩,Character,娜波摩助教，讲述隧者和鸣式的故事,,第3章,第4幕,1,,
character_350,爱弥斯,Character,拉贝尔学部的学生，被称为隧者的适格者，后变成电子幽灵,,第3章,第4幕,1,,
event_351,炉芯纪,Event,罗伊人的三纪神话中的第二纪,,第3章,第4幕,1,,
character_352,巴德尔,Character,太阳的化身，将赫龙格封印,,第3章,第4幕,1,,
character_353,赫龙格,Character,被巴德尔封印的外来神祇,,第3章,第4幕,1,,
location_354,隧门,Location,隧者和鸣式降临到这个世界的地方,,第3章,第4幕,1,,
organization_355,拉贝尔学部,Organization,故事中的一个学部，爱弥斯曾是其中的学生,,第3章,第4幕,1,,
character_356,西格莉卡,Character,愿意陪娜波摩去图书馆的角色,,第3章,第4幕,1,,
location_357,虚境作训场,Location,爱弥斯失踪的地点,,第3章,第4幕,1,,
character_358,日灵,Character,帮助爱弥斯增强力量的存在,,第3章,第4幕,1,,
item_359,隧者炉芯的核心,Item,爱弥斯依附存在的核心，也是她心脏的等价物,,第3章,第4幕,1,,
chapter_360,第3章《第三章》第4幕《远航星》,Chapter,第三章 - 远航星,,,,1,3,4
location_361,埃弗拉德银行,Location,有名的家族银行,,第2章,第2幕,1,,
item_362,声骸船,Item,用于前往埃弗拉德银行的交通工具,,第2章,第2幕,1,,
item_363,墨丘利,Item,声骸，用于自助提款的型号,,第2章,第2幕,1,,
location_364,玛格烈特家庭餐馆,Location,赞妮推荐的餐馆,,第2章,第2幕,1,,
character_365,玛格烈特,Character,玛格烈特家庭餐馆的员工,,第2章,第2幕,1,,
item_366,热海皇梨披萨,Item,玛格烈特家庭餐馆的特色菜,,第2章,第2幕,1,,
event_367,云闪之鳞式旅行,Event,一种旅行方式,,第2章,第2幕,1,,
event_368,拍卖会,Event,有最后一批拍品抵达的事件,,第2章,第2幕,1,,
character_369,隆巴迪先生,Character,为珍品购买高额保险的人,,第2章,第2幕,1,,
item_370,蜜露果酒,Item,拉古那的餐前酒,丰收之心，神之水滴,第2章,第2幕,1,,
event_371,狂欢节,Event,莫塔里家族为岁主敬献的声骸演出,,第2章,第2幕,1,,
chapter_372,第2章《第二章》第2幕《那神圣微风时常吹入》,Chapter,第二章 - 那神圣微风时常吹入,,,,1,2,2
character_373,涅索,Character,流浪诗人，对总督奥古斯塔有所了解,,第2章,第10幕,1,,
item_374,烈阳昔叙之诗,Item,涅索准备讲述的关于总督奥古斯塔的诗歌,,第2章,第10幕,1,,
character_375,卡托,Character,可能对奥古斯塔有所期待的角色,,第2章,第10幕,1,,
event_376,大角斗赛,Event,漂泊者获得冠军的比赛,,第2章,第10幕,1,,
chapter_377,第2章《第二章》第10幕《铁锈，剑与烈阳》,Chapter,第二章 - 铁锈，剑与烈阳,,,,1,2,10
