source_id,source_name,target_id,target_name,type,context,chapter,act,weight
character_0,温柔的女声,character_2,炽霞,APPEARS_IN,温柔的女声即炽霞,第0章,第1幕,1.0
character_1,元气的女声,character_3,秧秧,APPEARS_IN,元气的女声即秧秧,第0章,第1幕,1.0
character_2,炽霞,character_3,秧秧,INTERACTS_WITH,炽霞和秧秧一起行动,第0章,第1幕,1.0
character_2,炽霞,location_5,今州城,LOCATED_AT,炽霞提到今州城是她的老家,第0章,第1幕,1.0
character_3,秧秧,location_4,云陵谷,LOCATED_AT,秧秧在云陵谷与主角对话,第0章,第1幕,1.0
character_8,今州岁主「角」,location_6,瑝珑,LOCATED_AT,今州岁主「角」是瑝珑的岁主之一,第0章,第1幕,1.0
item_7,葫芦（盘古终端）,character_2,炽霞,OWNS,炽霞提到葫芦失去信号,第0章,第1幕,1.0
item_7,葫芦（盘古终端）,character_3,秧秧,OWNS,秧秧通过感应知道主角身上有葫芦,第0章,第1幕,1.0
character_9,白芷,character_2,炽霞,INTERACTS_WITH,白芷和炽霞一起行动,第0章,第1幕,1.0
character_9,白芷,character_3,秧秧,INTERACTS_WITH,白芷和秧秧一起行动,第0章,第1幕,1.0
item_10,信标,location_4,云陵谷,LOCATED_AT,信标位于云陵谷,第0章,第1幕,1.0
item_11,伞翼模块,character_3,秧秧,OWNS,秧秧提到终端里的伞翼模块,第0章,第1幕,1.0
event_13,无音区,location_12,天空海,RELATES_TO,无音区由天空海影响形成,第0章,第1幕,1.0
character_2,炽霞,character_17,漂泊者,INTERACTS_WITH,炽霞承诺给漂泊者整个能吸收的,第0章,第2幕,1.0
character_2,炽霞,location_5,今州城,LOCATED_AT,炽霞和秧秧讨论前往今州城,第0章,第2幕,1.0
character_3,秧秧,location_5,今州城,LOCATED_AT,秧秧讨论前往今州城,第0章,第2幕,1.0
character_9,白芷,organization_16,研究院,MEMBER_OF,白芷需要返回研究院,第0章,第2幕,1.0
character_17,漂泊者,organization_16,研究院,PARTicipates_IN,漂泊者需要去研究院进行身体检查,第0章,第2幕,1.0
character_9,白芷,entity_28,云陵谷异变,PARTicipates_IN,白芷提到云陵谷异变,第0章,第2幕,1.0
character_9,白芷,entity_29,无音区复苏,PARTicipates_IN,白芷提到无音区复苏,第0章,第2幕,1.0
character_9,白芷,entity_30,海蚀现象频发,PARTicipates_IN,白芷提到海蚀现象频发,第0章,第2幕,1.0
character_2,炽霞,item_20,声骸,OWNS,炽霞吸收残响获得声骸,第0章,第2幕,1.0
character_2,炽霞,item_21,终端,OWNS,炽霞使用终端吸收声骸,第0章,第2幕,1.0
character_2,炽霞,location_22,中枢信标,LOCATED_AT,炽霞提议带漂泊者去中枢信标登记,第0章,第2幕,1.0
location_5,今州城,event_23,太平乐,RELATES_TO,今州城内提供太平乐娱乐活动,第0章,第2幕,1.0
location_5,今州城,event_24,英雄戏,RELATES_TO,今州城内提供英雄戏娱乐活动,第0章,第2幕,1.0
location_5,今州城,event_25,折子书,RELATES_TO,今州城内提供折子书娱乐活动,第0章,第2幕,1.0
location_5,今州城,event_26,拳道赛,RELATES_TO,今州城内提供拳道赛娱乐活动,第0章,第2幕,1.0
character_31,发愁的角斗士,character_32,不满的谕女,INTERACTS_WITH,对话,第2章,第12幕,1.0
character_33,心情沉重的老者,location_41,狩猎者营地,LOCATED_AT,在营地中回忆过去,第2章,第12幕,1.0
character_34,小卡尤斯,character_35,荣誉加身的角斗士,INTERACTS_WITH,对话和互动,第2章,第12幕,1.0
character_36,初出茅庐的角斗士,character_37,沉稳的角斗士,INTERACTS_WITH,对话,第2章,第12幕,1.0
character_38,热情的商贩,item_44,冰川水酿的雪酒,OWNS,提供饮品,第2章,第12幕,1.0
character_38,热情的商贩,item_45,熔岩熏煮的热酿,OWNS,提供饮品,第2章,第12幕,1.0
character_39,礼官布里奥,character_40,奥古斯塔,MEMBER_OF,原本会和奥古斯塔一起迎接漂泊者,第2章,第12幕,1.0
character_39,礼官布里奥,location_41,狩猎者营地,LOCATED_AT,在营地中邀请漂泊者作为筹花人,第2章,第12幕,1.0
character_40,奥古斯塔,organization_47,元老院,MEMBER_OF,被元老院的琐事绊住,第2章,第12幕,1.0
event_49,黑潮,location_48,七丘,LOCATED_AT,发生在七丘的劫难,第2章,第12幕,1.0
character_50,神王,location_48,七丘,LOCATED_AT,神王死后的庆典在七丘举办,第2章,第12幕,1.0
character_52,莉莉贝婆婆,character_54,谕女,FAMILY,可能是谕女的前任,第2章,第12幕,1.0
character_53,尤诺,character_52,莉莉贝婆婆,FAMILY,可能是莉莉贝婆婆的天才继任者,第2章,第12幕,1.0
character_53,尤诺,character_54,谕女,MEMBER_OF,可能是谕女的天才继任者,第2章,第12幕,1.0
character_56,琳奈,location_57,星炬学院,LOCATED_AT,琳奈是星炬学院的学生,第3章,第2幕,1.0
character_17,漂泊者,location_57,星炬学院,LOCATED_AT,漂泊者跟随琳奈进入星炬学院,第3章,第2幕,1.0
character_56,琳奈,character_17,漂泊者,INTERACTS_WITH,琳奈与漂泊者对话并带他去医务室,第3章,第2幕,1.0
character_17,漂泊者,location_22,中枢信标,PARTicipates_IN,漂泊者被建议去中枢信标登记终端,第3章,第2幕,1.0
character_56,琳奈,location_58,医务室,LOCATED_AT,琳奈带漂泊者去医务室,第3章,第2幕,1.0
character_17,漂泊者,location_58,医务室,LOCATED_AT,漂泊者被琳奈带至医务室检查身体,第3章,第2幕,1.0
character_17,漂泊者,item_59,虚诞虫,RELATES_TO,漂泊者因虚诞虫的活跃区而频率紊乱,第3章,第2幕,1.0
character_60,阿布,character_17,漂泊者,INTERACTS_WITH,阿布与漂泊者对话并一同前往医务室,第3章,第2幕,1.0
character_61,千咲,character_17,漂泊者,INTERACTS_WITH,千咲与漂泊者在星炬学院重逢并对话,第3章,第2幕,1.0
character_56,琳奈,character_62,N.A.N.A.,INTERACTS_WITH,琳奈与N.A.N.A.在医务室对话,第3章,第2幕,1.0
character_56,琳奈,character_63,阿莱谢夫教授,PARTicipates_IN,琳奈与阿莱谢夫教授有小组作业汇报的任务,第3章,第2幕,1.0
character_56,琳奈,location_64,拉海洛,LOCATED_AT,琳奈在拉海洛飙车并撞到漂泊者,第3章,第2幕,1.0
character_17,漂泊者,location_65,黑海岸,LOCATED_AT,漂泊者来自黑海岸,第3章,第2幕,1.0
character_61,千咲,location_66,穗波市,LOCATED_AT,千咲之前在穗波市，漂泊者曾在收音机里听到过她的声音,第3章,第2幕,1.0
character_68,忌炎,character_69,夜归士兵,INTERACTS_WITH,忌炎询问夜归士兵关于士兵情况和抗溯洄雨药剂的效果,第1章,第6幕,1.0
character_68,忌炎,character_70,哥舒临,INTERACTS_WITH,忌炎与哥舒临讨论战斗的目的和牺牲的意义,第1章,第6幕,1.0
character_68,忌炎,character_71,军士,INTERACTS_WITH,军士向忌炎报告装备修理和黑石武器校准情况，以及随行军医的建议,第1章,第6幕,1.0
character_68,忌炎,location_72,今州,LOCATED_AT,忌炎在今州准备进军北落野,第1章,第6幕,1.0
character_68,忌炎,location_73,北落野,LOCATED_AT,忌炎计划进军北落野,第1章,第6幕,1.0
character_69,夜归士兵,item_74,抗溯洄雨药剂,PARTicipates_IN,夜归士兵报告士兵服用抗溯洄雨药剂的情况,第1章,第6幕,1.0
character_78,桃祈,organization_77,天工,MEMBER_OF,桃祈是天工的事务长,第1章,第6幕,1.0
character_78,桃祈,location_72,今州,LOCATED_AT,桃祈在今州处理与边防工事相关的事务,第1章,第6幕,1.0
character_79,秋水,location_72,今州,LOCATED_AT,秋水在今州解释溯洄雨和残象潮的关系,第1章,第6幕,1.0
character_79,秋水,item_76,防护罩,RELATES_TO,秋水解释防护罩的作用和重要性,第1章,第6幕,1.0
character_68,忌炎,item_76,防护罩,RELATES_TO,忌炎将军与防护罩的修复和残象潮的防御有关,第1章,第6幕,1.0
event_82,残象潮,location_72,今州,LOCATED_AT,残象潮可能直接从今州城内诞生,第1章,第6幕,1.0
character_79,秋水,event_82,残象潮,PARTicipates_IN,秋水解释残象潮的成因和影响,第1章,第6幕,1.0
character_68,忌炎,event_81,弯刀之役,PARTicipates_IN,忌炎提到弯刀之役时的景象与当前相似,第1章,第6幕,1.0
character_68,忌炎,event_83,角的预言,RELATES_TO,忌炎提到角的预言即将应验,第1章,第6幕,1.0
character_68,忌炎,location_86,北落峡谷,LOCATED_AT,忌炎在北落峡谷中指挥战斗,第1章,第7幕,1.0
character_3,秧秧,location_86,北落峡谷,LOCATED_AT,秧秧在北落峡谷中参与战斗,第1章,第7幕,1.0
character_85,鉴心,location_86,北落峡谷,LOCATED_AT,鉴心在北落峡谷中提出断后,第1章,第7幕,1.0
character_68,忌炎,location_87,悬浮废墟,LOCATED_AT,忌炎在悬浮废墟中指挥战斗,第1章,第7幕,1.0
character_3,秧秧,location_87,悬浮废墟,LOCATED_AT,秧秧在悬浮废墟中参与战斗,第1章,第7幕,1.0
character_68,忌炎,character_88,无相燹主,RELATES_TO,忌炎提及无相燹主的攻势,第1章,第7幕,1.0
character_68,忌炎,organization_89,夜归军,RELATES_TO,忌炎提及夜归军的剑术,第1章,第7幕,1.0
character_68,忌炎,event_81,弯刀之役,RELATES_TO,忌炎提及弯刀之役,第1章,第7幕,1.0
character_68,忌炎,character_90,无冠者,ENEMY,忌炎击败无冠者,第1章,第7幕,1.0
character_68,忌炎,character_91,无妄者·绝灭的兵刃,ENEMY,忌炎击败无妄者·绝灭的兵刃,第1章,第7幕,1.0
character_68,忌炎,item_92,月亮,RELATES_TO,忌炎提及月亮可能是敌人的核心,第1章,第7幕,1.0
character_68,忌炎,item_93,龙枪,OWNS,忌炎提及自己的龙枪被敌人复制,第1章,第7幕,1.0
character_68,忌炎,character_94,凿空,RELATES_TO,忌炎提及凿空创造道路的能力,第1章,第7幕,1.0
character_68,忌炎,character_3,秧秧,INTERACTS_WITH,忌炎和秧秧在战斗中互相配合,第1章,第7幕,1.0
character_68,忌炎,character_85,鉴心,INTERACTS_WITH,忌炎和鉴心在北落峡谷中交流,第1章,第7幕,1.0
character_2,炽霞,location_72,今州,LOCATED_AT,炽霞在今州解释中枢信标,第1章,第1幕,1.0
character_2,炽霞,character_17,漂泊者,INTERACTS_WITH,炽霞与漂泊者讨论边庭的情况,第1章,第1幕,1.0
character_3,秧秧,location_15,边庭,LOCATED_AT,秧秧在边庭办理手续,第1章,第1幕,1.0
character_3,秧秧,character_17,漂泊者,INTERACTS_WITH,秧秧与漂泊者讨论会面事宜,第1章,第1幕,1.0
character_17,漂泊者,location_15,边庭,LOCATED_AT,漂泊者被引导至边庭,第1章,第1幕,1.0
character_17,漂泊者,character_96,令尹,PARTicipates_IN,漂泊者与令尹有约见,第1章,第1幕,1.0
character_97,散华,character_17,漂泊者,INTERACTS_WITH,散华与漂泊者讨论令尹的事宜,第1章,第1幕,1.0
character_97,散华,character_96,令尹,MEMBER_OF,散华是令尹的贴身近卫,第1章,第1幕,1.0
character_17,漂泊者,item_99,信物,OWNS,令尹留给漂泊者信物,第1章,第1幕,1.0
item_98,全域通讯留言,character_17,漂泊者,RELATES_TO,漂泊者考虑全域通讯留言的录制问题,第1章,第1幕,1.0
character_17,漂泊者,character_60,阿布,INTERACTS_WITH,对话讨论寻找岁主的方法,第2章,第6幕,1.0
character_17,漂泊者,location_101,埃格拉小镇,LOCATED_AT,阿布提到适合起飞的地点,第2章,第6幕,1.0
character_17,漂泊者,character_102,夏空,INTERACTS_WITH,夏空自我介绍并与漂泊者对话,第2章,第6幕,1.0
character_17,漂泊者,character_103,珂莱塔,INTERACTS_WITH,珂莱塔讨论翡萨烈家主和谈判事宜,第2章,第6幕,1.0
character_17,漂泊者,location_104,波蒂维诺堡,LOCATED_AT,漂泊者被邀请前往波蒂维诺堡,第2章,第6幕,1.0
character_105,赛巴斯,location_104,波蒂维诺堡,LOCATED_AT,赛巴斯在波蒂维诺堡通知家主,第2章,第6幕,1.0
character_106,坎特蕾拉,location_104,波蒂维诺堡,LOCATED_AT,坎特蕾拉在波蒂维诺堡与漂泊者对话,第2章,第6幕,1.0
character_17,漂泊者,character_106,坎特蕾拉,INTERACTS_WITH,坎特蕾拉与漂泊者讨论多个话题,第2章,第6幕,1.0
character_106,坎特蕾拉,character_107,吉尔贝,RELATES_TO,讨论吉尔贝的精神状况,第2章,第6幕,1.0
character_17,漂泊者,location_108,拉古那,RELATES_TO,讨论拉古那的现状,第2章,第6幕,1.0
character_17,漂泊者,location_109,瑝珑今州,RELATES_TO,漂泊者提及瑝珑今州的茶,第2章,第6幕,1.0
character_106,坎特蕾拉,location_110,索诺拉,RELATES_TO,坎特蕾拉提到索诺拉和翡萨烈地底的直通道,第2章,第6幕,1.0
character_106,坎特蕾拉,location_111,阿维纽林,LOCATED_AT,坎特蕾拉提到在阿维纽林目睹第二次黑潮,第2章,第6幕,1.0
character_106,坎特蕾拉,item_112,提尔芬,RELATES_TO,坎特蕾拉尝试与提尔芬共鸣,第2章,第6幕,1.0
character_106,坎特蕾拉,character_113,卡提希娅,RELATES_TO,讨论卡提希娅可能与第二次黑潮有关,第2章,第6幕,1.0
character_106,坎特蕾拉,character_114,岁主,RELATES_TO,坎特蕾拉讨论岁主和黑潮,第2章,第6幕,1.0
character_106,坎特蕾拉,character_115,角,RELATES_TO,坎特蕾拉请求漂泊者劝说角,第2章,第6幕,1.0
character_17,漂泊者,item_116,咕咕河豚,RELATES_TO,漂泊者和坎特蕾拉讨论咕咕河豚,第2章,第6幕,1.0
character_118,赞妮,location_121,埃弗拉德金库,LOCATED_AT,赞妮是银行的员工,第2章,第3幕,1.0
character_119,诺亚,location_121,埃弗拉德金库,LOCATED_AT,诺亚是声骸船，载着角色前往金库,第2章,第3幕,1.0
character_17,漂泊者,location_121,埃弗拉德金库,LOCATED_AT,漂泊者与守门人对话，表明其在金库,第2章,第3幕,1.0
character_120,守门人,location_121,埃弗拉德金库,LOCATED_AT,守门人是金库的守门人,第2章,第3幕,1.0
character_118,赞妮,event_122,声骸失控事件,PARTicipates_IN,赞妮提到了声骸失控事件,第2章,第3幕,1.0
character_17,漂泊者,event_122,声骸失控事件,PARTicipates_IN,漂泊者与守门人对话，表明其与事件有关,第2章,第3幕,1.0
character_124,珂莱塔·莫塔里,organization_123,莫塔里家族,MEMBER_OF,珂莱塔是莫塔里家族的次女,第2章,第3幕,1.0
character_124,珂莱塔·莫塔里,character_17,漂泊者,INTERACTS_WITH,珂莱塔与漂泊者对话,第2章,第3幕,1.0
character_128,激动的造匠,organization_127,残星会,MEMBER_OF,激动的造匠是残星会成员,第2章,第3幕,1.0
character_129,混乱的造匠,organization_127,残星会,MEMBER_OF,混乱的造匠是残星会成员,第2章,第3幕,1.0
character_124,珂莱塔·莫塔里,item_130,珠宝套装,OWNS,珂莱塔要求赞妮准备珠宝套装,第2章,第3幕,1.0
character_124,珂莱塔·莫塔里,item_131,香水,OWNS,珂莱塔要求赞妮准备香水,第2章,第3幕,1.0
character_124,珂莱塔·莫塔里,location_132,化妆间,LOCATED_AT,珂莱塔要求赞妮去化妆间准备物品,第2章,第3幕,1.0
character_133,科波拉先生,organization_123,莫塔里家族,MEMBER_OF,科波拉先生是珂莱塔的叔父，属于莫塔里家族,第2章,第3幕,1.0
character_107,吉尔贝,organization_125,翡萨烈家族,MEMBER_OF,吉尔贝是翡萨烈家族的贵族,第2章,第3幕,1.0
character_3,秧秧,location_135,祈池村,LOCATED_AT,秧秧在祈池村感知到不祥气息,第1章,第3幕,1.0
character_3,秧秧,location_18,无音区,LOCATED_AT,秧秧和漂泊者在无音区清理残象,第1章,第3幕,1.0
item_136,残破的木牌,location_135,祈池村,LOCATED_AT,残破的木牌出现在祈池村,第1章,第3幕,1.0
character_137,奇怪的残象,location_135,祈池村,LOCATED_AT,奇怪的残象在祈池村发出求救信号,第1章,第3幕,1.0
character_3,秧秧,character_137,奇怪的残象,INTERACTS_WITH,秧秧与奇怪的残象进行对话,第1章,第3幕,1.0
character_3,秧秧,organization_138,炽霞,RELATES_TO,秧秧要将祈池村的事态同步告知炽霞,第1章,第3幕,1.0
organization_139,造匠,organization_127,残星会,MEMBER_OF,造匠是残星会中的边缘成员,第1章,第3幕,1.0
organization_140,会监,organization_127,残星会,MEMBER_OF,会监是残星会的领导者,第1章,第3幕,1.0
character_141,伤痕,organization_140,会监,MEMBER_OF,伤痕是残星会会监之一,第1章,第3幕,1.0
character_141,伤痕,character_3,秧秧,ENEMY,伤痕对秧秧构成威胁,第1章,第3幕,1.0
character_141,伤痕,location_135,祈池村,LOCATED_AT,伤痕在祈池村出现,第1章,第3幕,1.0
character_80,今汐,character_17,漂泊者,RELATES_TO,今汐给漂泊者信物,第1章,第3幕,1.0
character_143,守岸人,character_60,阿布,INTERACTS_WITH,守岸人与阿布有关联，感知到阿布的频率异常,第2章,第1幕,1.0
character_143,守岸人,character_17,漂泊者,INTERACTS_WITH,守岸人与漂泊者通讯并提供信息,第2章,第1幕,1.0
character_17,漂泊者,location_65,黑海岸,LOCATED_AT,漂泊者在黑海岸与守岸人见面,第2章,第1幕,1.0
character_143,守岸人,location_144,泰缇斯,LOCATED_AT,守岸人在泰缇斯的底层空间中找到了记录,第2章,第1幕,1.0
character_17,漂泊者,location_145,黎那汐塔,PARTicipates_IN,漂泊者计划前往黎那汐塔寻找阿布身份的信息,第2章,第1幕,1.0
organization_123,莫塔里家族,location_108,拉古那,LOCATED_AT,莫塔里家族是拉古那城中最为兴盛的家族之一,第2章,第1幕,1.0
character_17,漂泊者,organization_123,莫塔里家族,ALLY,莫塔里家族邀请漂泊者参加狂欢节，视其为尊贵的客人与永恒的朋友,第2章,第1幕,1.0
character_17,漂泊者,item_149,附带香气的神秘邀请函,OWNS,漂泊者收到了莫塔里家族的邀请函,第2章,第1幕,1.0
character_17,漂泊者,organization_148,埃弗拉德银行,RELATES_TO,漂泊者可以在埃弗拉德银行提取莫塔里家族准备的启动资金,第2章,第1幕,1.0
character_147,库默尼,location_65,黑海岸,MEMBER_OF,库默尼为黑海岸赚钱，属于黑海岸,第2章,第1幕,1.0
character_79,秋水,character_17,漂泊者,INTERACTS_WITH,秋水为漂泊者准备前往黎那汐塔的船只,第2章,第1幕,1.0
character_151,布兰特,character_60,阿布,INTERACTS_WITH,对话交流,第2章,第13幕,1.0
character_151,布兰特,character_17,漂泊者,INTERACTS_WITH,对话交流,第2章,第13幕,1.0
character_60,阿布,character_17,漂泊者,INTERACTS_WITH,对话交流,第2章,第13幕,1.0
character_60,阿布,location_152,玛格烈特餐厅,LOCATED_AT,阿布想要去的地方,第2章,第13幕,1.0
character_17,漂泊者,location_48,七丘,LOCATED_AT,漂泊者之前所在的地点,第2章,第13幕,1.0
item_153,文明之匣,location_48,七丘,LOCATED_AT,在七丘拿到的岁主旧物,第2章,第13幕,1.0
character_154,泰缇斯,item_153,文明之匣,RELATES_TO,泰缇斯打不开文明之匣,第2章,第13幕,1.0
character_17,漂泊者,character_113,卡提希娅,INTERACTS_WITH,漂泊者准备去找卡提希娅,第2章,第13幕,1.0
character_17,漂泊者,location_108,拉古那,LOCATED_AT,漂泊者和阿布在拉古那城,第2章,第13幕,1.0
character_60,阿布,location_108,拉古那,LOCATED_AT,阿布和漂泊者在拉古那城,第2章,第13幕,1.0
character_157,洛可可,organization_158,愚人剧团,MEMBER_OF,洛可可是愚人剧团的成员,第2章,第13幕,1.0
character_151,布兰特,organization_158,愚人剧团,MEMBER_OF,布兰特是愚人剧团的成员,第2章,第13幕,1.0
character_151,布兰特,character_157,洛可可,INTERACTS_WITH,对话交流,第2章,第13幕,1.0
character_17,漂泊者,item_160,噩梦清醒仪,RELATES_TO,漂泊者被噩梦清醒仪唤醒,第2章,第13幕,1.0
item_161,石碑,entity_165,璀璨擢升之途,RELATES_TO,石碑上刻有关于「璀璨擢升之途」的铭文,第2章,第13幕,1.0
item_161,石碑,entity_166,至福永恒之城,RELATES_TO,石碑上刻有关于「至福永恒之城」的铭文,第2章,第13幕,1.0
organization_162,苦信者集群,entity_167,代行者,RELATES_TO,苦信者集群请求代行者开启天国的门扉,第2章,第13幕,1.0
organization_138,炽霞,location_5,今州城,LOCATED_AT,炽霞在今州城与主角会合,第1章,第4幕,1.0
character_3,秧秧,location_5,今州城,LOCATED_AT,秧秧在今州城与主角会合,第1章,第4幕,1.0
organization_138,炽霞,character_17,漂泊者,INTERACTS_WITH,炽霞与漂泊者讨论残星会和祈池村的情况,第1章,第4幕,1.0
character_3,秧秧,character_17,漂泊者,INTERACTS_WITH,秧秧与漂泊者讨论残星会和祈池村的情况,第1章,第4幕,1.0
organization_127,残星会,location_135,祈池村,RELATES_TO,残星会在祈池村进行活动,第1章,第4幕,1.0
organization_127,残星会,character_169,造匠,MEMBER_OF,造匠是残星会通过机械改造的人,第1章,第4幕,1.0
character_141,伤痕,organization_127,残星会,MEMBER_OF,伤痕是残星会的成员,第1章,第4幕,1.0
character_17,漂泊者,item_170,日晷,OWNS,漂泊者拥有日晷这个关键物品,第1章,第4幕,1.0
character_17,漂泊者,item_171,瑝珑类书,RELATES_TO,漂泊者可能从瑝珑类书中了解自己的身份,第1章,第4幕,1.0
character_96,令尹,item_171,瑝珑类书,RELATES_TO,令尹掌握瑝珑类书的开放权限,第1章,第4幕,1.0
location_5,今州城,location_15,边庭,RELATES_TO,今州城的政治中心是边庭,第1章,第4幕,1.0
character_60,阿布,character_17,漂泊者,INTERACTS_WITH,阿布与漂泊者一起行动并交谈,第1章,第9幕,1.0
character_60,阿布,location_175,美食街,LOCATED_AT,阿布提议去美食街吃饭,第1章,第9幕,1.0
character_17,漂泊者,location_176,乘霄山,PARTicipates_IN,漂泊者计划前往乘霄山寻找岁主,第1章,第9幕,1.0
character_80,今汐,location_176,乘霄山,LOCATED_AT,今汐去往乘霄山,第1章,第9幕,1.0
character_97,散华,location_15,边庭,LOCATED_AT,散华在边庭与漂泊者交谈,第1章,第9幕,1.0
character_97,散华,entity_180,引路人,INTERACTS_WITH,散华提到引路人可能在渡口,第1章,第9幕,1.0
entity_180,引路人,location_178,渡口,LOCATED_AT,引路人可能在渡口,第1章,第9幕,1.0
location_176,乘霄山,location_177,怨鸟泽,LOCATED_AT,乘霄山在怨鸟泽东面的海上,第1章,第9幕,1.0
character_60,阿布,character_173,九思,INTERACTS_WITH,阿布和九思交谈关于乘霄山,第1章,第9幕,1.0
character_60,阿布,character_174,庆祥,INTERACTS_WITH,阿布和庆祥交谈关于声骸,第1章,第9幕,1.0
character_17,漂泊者,character_97,散华,INTERACTS_WITH,漂泊者和散华交谈关于今汐和乘霄山,第1章,第9幕,1.0
character_181,转播布莱恩,location_182,烈日酒馆,LOCATED_AT,转播布莱恩在烈日酒馆进行赛事转播,第2章,第9幕,1.0
character_60,阿布,location_182,烈日酒馆,LOCATED_AT,阿布和漂泊者在烈日酒馆讨论赛事,第2章,第9幕,1.0
character_17,漂泊者,location_182,烈日酒馆,LOCATED_AT,漂泊者和阿布在烈日酒馆讨论赛事,第2章,第9幕,1.0
organization_183,磕磕撞撞,entity_195,赛事转播台,PARTicipates_IN,磕磕撞撞在赛事转播台连胜二十一场,第2章,第9幕,1.0
organization_184,伏尔甘矿业,entity_195,赛事转播台,PARTicipates_IN,伏尔甘矿业将在赛事转播台面对磕磕撞撞,第2章,第9幕,1.0
character_185,黑海岸成员,character_17,漂泊者,INTERACTS_WITH,黑海岸成员通过通讯与漂泊者讨论卡提希娅的情况,第2章,第9幕,1.0
character_113,卡提希娅,character_185,黑海岸成员,INTERACTS_WITH,卡提希娅通过通讯与黑海岸成员讨论自己的情况,第2章,第9幕,1.0
character_113,卡提希娅,location_186,颠倒塔,LOCATED_AT,卡提希娅被建议在颠倒塔休养,第2章,第9幕,1.0
item_187,英白拉多,location_186,颠倒塔,RELATES_TO,英白拉多与颠倒塔的索诺拉形成有关,第2章,第9幕,1.0
character_113,卡提希娅,item_188,鸣式利维亚坦,RELATES_TO,卡提希娅感应到鸣式利维亚坦的残留力量,第2章,第9幕,1.0
character_17,漂泊者,entity_196,码头,LOCATED_AT,漂泊者前往码头准备出海,第2章,第9幕,1.0
character_17,漂泊者,location_108,拉古那,RELATES_TO,漂泊者提到拉古那，考虑是否需要其朋友帮忙,第2章,第9幕,1.0
character_190,芬莱克,organization_127,残星会,ENEMY,芬莱克提到残星会，表现出敌意,第2章,第9幕,1.0
character_191,弗洛洛,character_17,漂泊者,INTERACTS_WITH,弗洛洛与漂泊者讨论合作,第2章,第9幕,1.0
character_191,弗洛洛,character_192,修会追兵,ENEMY,修会追兵追捕弗洛洛,第2章,第9幕,1.0
character_17,漂泊者,location_193,隐海试验场,LOCATED_AT,漂泊者思考隐海试验场与修会的关系,第2章,第9幕,1.0
organization_138,炽霞,location_197,攀花饭馆,LOCATED_AT,炽霞在攀花饭馆与秧秧和漂泊者见面,第1章,第2幕,1.0
character_3,秧秧,location_197,攀花饭馆,LOCATED_AT,秧秧在攀花饭馆与炽霞和漂泊者见面,第1章,第2幕,1.0
organization_138,炽霞,character_3,秧秧,INTERACTS_WITH,炽霞和秧秧在攀花饭馆讨论计划,第1章,第2幕,1.0
organization_138,炽霞,character_17,漂泊者,INTERACTS_WITH,炽霞和漂泊者在攀花饭馆讨论计划,第1章,第2幕,1.0
character_3,秧秧,character_17,漂泊者,INTERACTS_WITH,秧秧和漂泊者在攀花饭馆讨论计划,第1章,第2幕,1.0
character_9,白芷,location_198,华胥研究院,LOCATED_AT,白芷在华胥研究院工作,第1章,第2幕,1.0
organization_138,炽霞,location_198,华胥研究院,RELATES_TO,炽霞提到华胥研究院和白芷,第1章,第2幕,1.0
character_3,秧秧,location_5,今州城,LOCATED_AT,秧秧在今州城内讨论计划,第1章,第2幕,1.0
organization_138,炽霞,location_5,今州城,LOCATED_AT,炽霞在今州城内讨论计划,第1章,第2幕,1.0
character_17,漂泊者,location_5,今州城,LOCATED_AT,漂泊者在今州城内讨论计划,第1章,第2幕,1.0
organization_138,炽霞,location_199,市集,RELATES_TO,炽霞提到市集有莽吉柿出售,第1章,第2幕,1.0
character_3,秧秧,location_18,无音区,RELATES_TO,秧秧提到无音区附近的树木,第1章,第2幕,1.0
character_17,漂泊者,location_4,云陵谷,RELATES_TO,秧秧提到云陵谷与漂泊者的梦境有关,第1章,第2幕,1.0
character_17,漂泊者,location_73,北落野,RELATES_TO,秧秧提到北落野与漂泊者的梦境有关,第1章,第2幕,1.0
organization_138,炽霞,location_200,训练营,LOCATED_AT,炽霞在训练营附近听到哀嚎,第1章,第2幕,1.0
character_3,秧秧,location_200,训练营,LOCATED_AT,秧秧在训练营附近讨论,第1章,第2幕,1.0
character_201,严彦,location_200,训练营,LOCATED_AT,严彦是训练营的教官,第1章,第2幕,1.0
character_17,漂泊者,character_202,今令尹,RELATES_TO,今令尹给漂泊者通行权限,第1章,第2幕,1.0
character_203,忌炎将军,location_73,北落野,LOCATED_AT,忌炎将军在北落野带领兵士,第1章,第2幕,1.0
character_204,小道士,location_73,北落野,RELATES_TO,小道士想要出城去北落野寻人,第1章,第2幕,1.0
character_204,小道士,item_205,锅盔,OWNS,小道士拥有锅盔,第1章,第2幕,1.0
character_204,小道士,item_206,贝币,OWNS,小道士拥有贝币,第1章,第2幕,1.0
character_204,小道士,item_207,云纹离邪镜,OWNS,小道士拥有云纹离邪镜,第1章,第2幕,1.0
character_201,严彦,organization_89,夜归军,MEMBER_OF,严彦是夜归军的教官,第1章,第2幕,1.0
character_203,忌炎将军,organization_89,夜归军,MEMBER_OF,忌炎将军是夜归军的将领,第1章,第2幕,1.0
character_157,洛可可,character_209,佩洛,OWNS,洛可可是箱子的主人,第2章,第4幕,1.0
character_157,洛可可,character_209,佩洛,INTERACTS_WITH,洛可可与佩洛互动，介绍自己和佩洛的关系,第2章,第4幕,1.0
character_60,阿布,character_17,漂泊者,INTERACTS_WITH,阿布从水里救了漂泊者,第2章,第4幕,1.0
character_210,古龙,character_17,漂泊者,ENEMY,古龙袭击了漂泊者,第2章,第4幕,1.0
character_211,珂莱塔小姐,character_17,漂泊者,RELATES_TO,珂莱塔小姐安排成员去接应漂泊者,第2章,第4幕,1.0
character_151,布兰特,organization_219,剧团,MEMBER_OF,布兰特是剧团的团长,第2章,第4幕,1.0
character_157,洛可可,character_17,漂泊者,INTERACTS_WITH,洛可可与漂泊者对话，提供信息和道具,第2章,第4幕,1.0
character_17,漂泊者,location_212,悲叹墓岛,LOCATED_AT,漂泊者在悲叹墓岛上,第2章,第4幕,1.0
character_157,洛可可,location_212,悲叹墓岛,LOCATED_AT,洛可可在悲叹墓岛上,第2章,第4幕,1.0
character_17,漂泊者,location_213,海雾,LOCATED_AT,漂泊者在海雾中,第2章,第4幕,1.0
character_157,洛可可,location_213,海雾,LOCATED_AT,洛可可进入海雾中,第2章,第4幕,1.0
character_17,漂泊者,location_214,灯塔,LOCATED_AT,漂泊者前往灯塔,第2章,第4幕,1.0
character_157,洛可可,item_215,源能礼花枪,OWNS,洛可可提供源能礼花枪给漂泊者,第2章,第4幕,1.0
character_157,洛可可,item_216,大口径改良型源能礼花枪,OWNS,洛可可提到拥有大口径改良型源能礼花枪,第2章,第4幕,1.0
character_157,洛可可,item_217,剧团长砍价刀,OWNS,洛可可提供剧团长砍价刀给漂泊者,第2章,第4幕,1.0
character_221,丽露,character_61,千咲,INTERACTS_WITH,丽露关心千咲的身体状况,第2章,第18幕,1.0
character_61,千咲,character_156,黑海岸,LOCATED_AT,千咲在黑海岸接受治疗,第2章,第18幕,1.0
character_222,瓦莲京娜,character_17,漂泊者,INTERACTS_WITH,瓦莲京娜向漂泊者提供信息,第2章,第18幕,1.0
character_61,千咲,location_66,穗波市,LOCATED_AT,千咲独自前往穗波市,第2章,第18幕,1.0
location_66,穗波市,location_110,索诺拉,LOCATED_AT,穗波市位于索诺拉中,第2章,第18幕,1.0
organization_223,泰缇斯系统,location_66,穗波市,RELATES_TO,泰缇斯系统监测穗波市,第2章,第18幕,1.0
character_224,执花澄夏,organization_227,谬误收容所,MEMBER_OF,执花澄夏是谬误收容所的研究员,第2章,第18幕,1.0
character_224,执花澄夏,organization_228,星图,RELATES_TO,星图铭记执花澄夏,第2章,第18幕,1.0
location_66,穗波市,location_176,乘霄山,RELATES_TO,穗波市和乘霄山情况相似,第2章,第18幕,1.0
character_225,库休休,character_61,千咲,INTERACTS_WITH,库休休与千咲有互动,第2章,第18幕,1.0
entity_232,泰缇斯终端,location_226,新枝地,LOCATED_AT,泰缇斯终端留在新枝地,第2章,第18幕,1.0
character_229,洄游鱼,location_66,穗波市,LOCATED_AT,洄游鱼展示穗波市景象,第2章,第18幕,1.0
character_61,千咲,location_230,列车长咖啡厅,LOCATED_AT,千咲和漂泊者在列车长咖啡厅休息,第2章,第18幕,1.0
character_106,坎特蕾拉,item_237,秘药,OWNS,坎特蕾拉调配了秘药,第2章,第14幕,1.0
character_106,坎特蕾拉,character_233,利维亚坦,INTERACTS_WITH,坎特蕾拉了解利维亚坦的情况,第2章,第14幕,1.0
character_234,嘉贝莉娜,character_233,利维亚坦,INTERACTS_WITH,嘉贝莉娜讨论了利维亚坦的计划和对策,第2章,第14幕,1.0
character_234,嘉贝莉娜,organization_235,翡萨烈,MEMBER_OF,嘉贝莉娜是翡萨烈的家主,第2章,第14幕,1.0
character_60,阿布,item_236,黑潮,RELATES_TO,阿布体内有黑潮的频率,第2章,第14幕,1.0
character_17,漂泊者,character_60,阿布,INTERACTS_WITH,漂泊者与阿布有对话交流,第2章,第14幕,1.0
character_17,漂泊者,character_233,利维亚坦,INTERACTS_WITH,漂泊者讨论了利维亚坦的计划和对策,第2章,第14幕,1.0
character_17,漂泊者,location_108,拉古那,LOCATED_AT,漂泊者是拉古那的桂冠,第2章,第14幕,1.0
character_17,漂泊者,location_48,七丘,LOCATED_AT,漂泊者为七丘的英雄王,第2章,第14幕,1.0
organization_235,翡萨烈,character_238,鸣式,ENEMY,翡萨烈已与鸣式抗衡百年,第2章,第14幕,1.0
character_234,嘉贝莉娜,character_240,剧作家,INTERACTS_WITH,嘉贝莉娜提到剧作家在黎那汐塔引发戏剧冲突,第2章,第14幕,1.0
character_234,嘉贝莉娜,event_239,巡游天国,PARTicipates_IN,嘉贝莉娜讨论了巡游天国的降临途径,第2章,第14幕,1.0
character_106,坎特蕾拉,location_121,埃弗拉德金库,LOCATED_AT,坎特蕾拉提到翡萨烈的成员会向埃弗拉德金库进行转移,第2章,第14幕,1.0
character_106,坎特蕾拉,character_103,珂莱塔,INTERACTS_WITH,坎特蕾拉提到待与珂莱塔汇合,第2章,第14幕,1.0
character_222,瓦莲京娜,character_17,漂泊者,INTERACTS_WITH,瓦莲京娜与漂泊者讨论黑海岸的异常频率,第2章,第17幕,1.0
character_143,守岸人,character_17,漂泊者,INTERACTS_WITH,守岸人告诉漂泊者关于残缺信息和空间坐标的事情,第2章,第17幕,1.0
character_17,漂泊者,location_242,谬误收容所,LOCATED_AT,漂泊者前往谬误收容所与守岸人对话,第2章,第17幕,1.0
character_243,卜灵,character_17,漂泊者,INTERACTS_WITH,卜灵与漂泊者讨论异常频率和空间坐标,第2章,第17幕,1.0
character_221,丽露,character_17,漂泊者,INTERACTS_WITH,丽露向漂泊者提供关于空间裂隙和索诺拉的信息,第2章,第17幕,1.0
organization_245,执花,location_110,索诺拉,PARTicipates_IN,执花尝试进入索诺拉调查,第2章,第17幕,1.0
character_60,阿布,character_17,漂泊者,FAMILY,阿布是漂泊者的同伴,第2章,第17幕,1.0
entity_247,上班族,location_66,穗波市,LOCATED_AT,上班族在穗波市的市中心,第2章,第17幕,1.0
character_143,守岸人,character_17,漂泊者,INTERACTS_WITH,守岸人与漂泊者通过通讯交流，并在咖啡厅等待漂泊者,第3章,第1幕,1.0
character_143,守岸人,character_156,黑海岸,LOCATED_AT,守岸人在黑海岸等待漂泊者,第3章,第1幕,1.0
character_143,守岸人,location_230,列车长咖啡厅,LOCATED_AT,守岸人在列车长咖啡厅等待漂泊者,第3章,第1幕,1.0
character_17,漂泊者,character_156,黑海岸,LOCATED_AT,漂泊者准备从黑海岸出发前往拉海洛,第3章,第1幕,1.0
character_17,漂泊者,location_64,拉海洛,LOCATED_AT,漂泊者准备前往拉海洛,第3章,第1幕,1.0
character_143,守岸人,event_249,虚质磁暴,PARTicipates_IN,守岸人讨论了虚质磁暴的情况,第3章,第1幕,1.0
character_17,漂泊者,event_249,虚质磁暴,PARTicipates_IN,漂泊者可能与虚质磁暴周期有关,第3章,第1幕,1.0
organization_250,深空联合,event_249,虚质磁暴,RELATES_TO,深空联合对稳定频率的研究与虚质磁暴有关,第3章,第1幕,1.0
character_17,漂泊者,location_57,星炬学院,LOCATED_AT,漂泊者前往星炬学院,第3章,第1幕,1.0
character_61,千咲,location_57,星炬学院,LOCATED_AT,千咲前往星炬学院,第3章,第1幕,1.0
character_56,琳奈,location_57,星炬学院,LOCATED_AT,琳奈在星炬学院遇到漂泊者,第3章,第1幕,1.0
character_17,漂泊者,character_56,琳奈,INTERACTS_WITH,漂泊者与琳奈在星炬学院相遇并对话,第3章,第1幕,1.0
character_17,漂泊者,character_251,虚诞虫,ENEMY,漂泊者和琳奈摆脱了虚诞虫的追击,第3章,第1幕,1.0
character_56,琳奈,character_251,虚诞虫,ENEMY,琳奈和漂泊者摆脱了虚诞虫的追击,第3章,第1幕,1.0
character_3,秧秧,organization_138,炽霞,APPEARS_IN,与秧秧，炽霞汇合,第1章,第5幕,1.0
character_9,白芷,character_3,秧秧,INTERACTS_WITH,白芷提醒秧秧注意无音区异动,第1章,第5幕,1.0
character_9,白芷,organization_138,炽霞,INTERACTS_WITH,白芷提醒炽霞注意无音区异动,第1章,第5幕,1.0
character_80,今汐,character_68,忌炎,RELATES_TO,今汐与忌炎有特殊联系,第1章,第5幕,1.0
character_80,今汐,character_115,角,RELATES_TO,角选择今汐作为令尹,第1章,第5幕,1.0
organization_127,残星会,character_80,今汐,RELATES_TO,残星会与今汐有关,第1章,第5幕,1.0
organization_253,黑海岸,character_80,今汐,RELATES_TO,黑海岸关注今汐,第1章,第5幕,1.0
character_254,林奶奶,organization_138,炽霞,INTERACTS_WITH,炽霞与林奶奶讨论黑花,第1章,第5幕,1.0
character_254,林奶奶,character_3,秧秧,INTERACTS_WITH,秧秧向林奶奶询问黑花,第1章,第5幕,1.0
character_254,林奶奶,character_260,植物系共鸣者,MEMBER_OF,植物系共鸣者在林奶奶的盆景店做帮工,第1章,第5幕,1.0
character_260,植物系共鸣者,item_256,黑花,RELATES_TO,植物系共鸣者可能知道黑花的信息,第1章,第5幕,1.0
location_72,今州,location_73,北落野,LOCATED_AT,北落野是今州的古战场,第1章,第5幕,1.0
character_254,林奶奶,location_257,商业街,LOCATED_AT,林奶奶在商业街经营盆景店,第1章,第5幕,1.0
character_260,植物系共鸣者,location_258,后山,LOCATED_AT,植物系共鸣者在后山做生态调研,第1章,第5幕,1.0
location_259,瀑布,location_258,后山,RELATES_TO,瀑布是通往后山的捷径,第1章,第5幕,1.0
character_60,阿布,location_262,列奥尼达酒店,LOCATED_AT,阿布在列奥尼达酒店与漂泊者对话,第2章,第11幕,1.0
character_263,德米安,location_264,总督宫,LOCATED_AT,德米安是总督宫侍从,第2章,第11幕,1.0
character_40,奥古斯塔,location_264,总督宫,LOCATED_AT,奥古斯塔在总督宫,第2章,第11幕,1.0
character_17,漂泊者,location_262,列奥尼达酒店,LOCATED_AT,漂泊者在列奥尼达酒店与阿布对话,第2章,第11幕,1.0
character_17,漂泊者,location_264,总督宫,LOCATED_AT,漂泊者前往总督宫,第2章,第11幕,1.0
character_40,奥古斯塔,item_265,亚狮诺索,RELATES_TO,奥古斯塔提到亚狮诺索,第2章,第11幕,1.0
character_40,奥古斯塔,location_266,桑古伊斯狩原,LOCATED_AT,奥古斯塔提到桑古伊斯狩原,第2章,第11幕,1.0
item_236,黑潮,location_266,桑古伊斯狩原,LOCATED_AT,黑潮盘桓在桑古伊斯狩原上空,第2章,第11幕,1.0
location_267,彻地之楔,location_266,桑古伊斯狩原,LOCATED_AT,彻地之楔位于桑古伊斯狩原,第2章,第11幕,1.0
character_40,奥古斯塔,location_268,风潮崖,LOCATED_AT,奥古斯塔在风潮崖等待漂泊者,第2章,第11幕,1.0
character_17,漂泊者,location_268,风潮崖,LOCATED_AT,漂泊者前往风潮崖与奥古斯塔会面,第2章,第11幕,1.0
character_269,阿维狄亚,location_268,风潮崖,LOCATED_AT,阿维狄亚带领漂泊者前往风潮崖,第2章,第11幕,1.0
character_269,阿维狄亚,organization_47,元老院,MEMBER_OF,阿维狄亚提到元老院,第2章,第11幕,1.0
character_271,露帕,character_17,漂泊者,INTERACTS_WITH,露帕与漂泊者作为搭档一起行动,第2章,第8幕,1.0
character_271,露帕,character_272,亚狮诺索,INTERACTS_WITH,露帕向漂泊者提及亚狮诺索,第2章,第8幕,1.0
character_17,漂泊者,location_273,荣耀之间,LOCATED_AT,漂泊者在荣耀之间感受到异样的声音,第2章,第8幕,1.0
item_274,特库斯的剑,character_275,特库斯,OWNS,特库斯的剑属于特库斯,第2章,第8幕,1.0
character_275,特库斯,location_48,七丘,LOCATED_AT,特库斯是七丘的战士,第2章,第8幕,1.0
character_113,卡提希娅,character_17,漂泊者,INTERACTS_WITH,卡提希娅与漂泊者交流信息,第2章,第8幕,1.0
character_113,卡提希娅,location_48,七丘,LOCATED_AT,卡提希娅在七丘城区行动,第2章,第8幕,1.0
character_276,蜜芽选手,location_48,七丘,LOCATED_AT,蜜芽选手在七丘自裁,第2章,第8幕,1.0
item_236,黑潮,location_48,七丘,RELATES_TO,黑潮影响了七丘,第2章,第8幕,1.0
character_277,岁主英白拉多,location_48,七丘,RELATES_TO,岁主英白拉多与七丘的起源信标相关,第2章,第8幕,1.0
organization_127,残星会,character_238,鸣式,MEMBER_OF,鸣式与残星会有关联,第2章,第8幕,1.0
character_102,夏空,location_279,拉古那城,LOCATED_AT,夏空在拉古那城,第2章,第15幕,1.0
character_102,夏空,character_17,漂泊者,INTERACTS_WITH,夏空与漂泊者对话,第2章,第15幕,1.0
character_281,桂冠,location_280,拉古那广场,LOCATED_AT,桂冠在拉古那广场战斗,第2章,第15幕,1.0
character_282,漆黑的猎人,location_145,黎那汐塔,LOCATED_AT,漆黑的猎人在黎那汐塔击败劲敌,第2章,第15幕,1.0
character_17,漂泊者,location_145,黎那汐塔,LOCATED_AT,漂泊者在黎那汐塔,第2章,第15幕,1.0
character_283,仇远,character_17,漂泊者,INTERACTS_WITH,仇远感知到漂泊者,第2章,第15幕,1.0
character_284,接引教士,character_285,利奥,INTERACTS_WITH,接引教士与利奥对话,第2章,第15幕,1.0
character_285,利奥,character_286,菲比,INTERACTS_WITH,利奥告诉菲比保护好教堂里的民众,第2章,第15幕,1.0
character_285,利奥,character_287,莫塔里家的珂莱塔,INTERACTS_WITH,利奥与珂莱塔对话,第2章,第15幕,1.0
character_283,仇远,character_287,莫塔里家的珂莱塔,INTERACTS_WITH,仇远与珂莱塔对话,第2章,第15幕,1.0
character_285,利奥,organization_288,瑝珑,MEMBER_OF,利奥提到瑝珑的先生,第2章,第15幕,1.0
character_283,仇远,character_106,坎特蕾拉,INTERACTS_WITH,仇远与坎特蕾拉对话,第2章,第15幕,1.0
character_106,坎特蕾拉,character_291,梁先生,INTERACTS_WITH,坎特蕾拉见过梁先生,第2章,第15幕,1.0
character_283,仇远,character_113,卡提希娅,INTERACTS_WITH,仇远提到卡提希娅,第2章,第15幕,1.0
character_283,仇远,organization_292,明庭,MEMBER_OF,仇远曾是明庭的人,第2章,第15幕,1.0
character_294,主座芬莱克,item_295,拉古那始源圣器,OWNS,芬莱克掌握拉古那始源圣器,第2章,第15幕,1.0
character_283,仇远,character_294,主座芬莱克,INTERACTS_WITH,仇远寻找芬莱克,第2章,第15幕,1.0
character_294,主座芬莱克,location_296,狄萨莱海脊,LOCATED_AT,芬莱克在狄萨莱海脊的试验场,第2章,第15幕,1.0
character_283,仇远,organization_127,残星会,MEMBER_OF,仇远是残星会的成员,第2章,第15幕,1.0
character_283,仇远,character_141,伤痕,INTERACTS_WITH,仇远被委托诛杀伤痕,第2章,第15幕,1.0
character_299,伊什麦尔,location_300,黎乔利群岛,LOCATED_AT,伊什麦尔建议去黎乔利群岛钓鱼,第2章,第5幕,1.0
character_301,亚哈,location_300,黎乔利群岛,LOCATED_AT,亚哈在黎乔利群岛的码头上,第2章,第5幕,1.0
character_301,亚哈,character_302,普朗克,INTERACTS_WITH,亚哈提到普朗克能提供出海捕鱼所需物品和修葺船只服务,第2章,第5幕,1.0
character_301,亚哈,item_303,拉结号,OWNS,亚哈拥有老船拉结号,第2章,第5幕,1.0
character_286,菲比,item_308,溯海之鲸,RELATES_TO,菲比寻找溯海之鲸的下落,第2章,第5幕,1.0
character_301,亚哈,character_286,菲比,INTERACTS_WITH,亚哈与菲比讨论关于溯海之鲸的事情,第2章,第5幕,1.0
character_301,亚哈,character_305,魁格,INTERACTS_WITH,亚哈提到魁格，需要魁格修船,第2章,第5幕,1.0
character_301,亚哈,character_306,斯塔巴克斯,INTERACTS_WITH,亚哈建议去找斯塔巴克斯了解情况,第2章,第5幕,1.0
character_286,菲比,character_306,斯塔巴克斯,RELATES_TO,菲比和亚哈讨论斯塔巴克斯的情况,第2章,第5幕,1.0
character_60,阿布,location_322,学院宿舍,LOCATED_AT,阿布在学院宿舍等待莫宁和琳奈,第3章,第3幕,1.0
character_56,琳奈,location_322,学院宿舍,LOCATED_AT,琳奈在学院宿舍等待阿布,第3章,第3幕,1.0
character_60,阿布,character_310,莫宁,INTERACTS_WITH,阿布和莫宁讨论深空联合的食物,第3章,第3幕,1.0
character_310,莫宁,character_56,琳奈,INTERACTS_WITH,莫宁和琳奈讨论深空联合的食物,第3章,第3幕,1.0
character_310,莫宁,item_311,海维夏探测器,PARTicipates_in,莫宁询问琳奈和漂泊者关于海维夏探测器失控的情况,第3章,第3幕,1.0
character_56,琳奈,item_311,海维夏探测器,PARTicipates_in,琳奈被询问关于海维夏探测器失控的情况,第3章,第3幕,1.0
organization_312,新联邦,organization_313,瑝珑华胥研究所,RELATES_TO,新联邦与瑝珑华胥研究所在能量压缩技术领域与深空联合竞争,第3章,第3幕,1.0
character_314,法芙娜,item_316,日灵,SEES,法芙娜在集市整理货物时看到日灵,第3章,第3幕,1.0
character_315,斯万,item_316,日灵,SEES,斯万在集市整理货物时看到日灵,第3章,第3幕,1.0
character_310,莫宁,item_317,日轮,RELATES_TO,莫宁解释日轮的重要性和功能,第3章,第3幕,1.0
organization_318,罗伊族,item_317,日轮,RELATES_TO,罗伊族能从日轮中获取数据,第3章,第3幕,1.0
character_319,玛嘉,entity_325,探测机器人,OWNS,玛嘉是探测机器人的负责人,第3章,第3幕,1.0
character_310,莫宁,character_319,玛嘉,INTERACTS_WITH,莫宁和玛嘉讨论探测机器人失控的问题,第3章,第3幕,1.0
organization_320,引日殿,organization_321,秘日六席,MEMBER_OF,秘日六席是引日殿中的成员,第3章,第3幕,1.0
character_17,漂泊者,character_113,卡提希娅,INTERACTS_WITH,漂泊者寻找卡提希娅,第2章,第7幕,1.0
character_17,漂泊者,character_60,阿布,INTERACTS_WITH,阿布帮助漂泊者寻找卡提希娅,第2章,第7幕,1.0
character_17,漂泊者,location_110,索诺拉,LOCATED_AT,漂泊者前往索诺拉寻找卡提希娅,第2章,第7幕,1.0
character_17,漂泊者,location_111,阿维纽林,LOCATED_AT,漂泊者前往阿维纽林,第2章,第7幕,1.0
character_17,漂泊者,location_48,七丘,LOCATED_AT,漂泊者到达七丘,第2章,第7幕,1.0
character_60,阿布,item_326,高天讯使,RELATES_TO,阿布提议使用高天讯使前往目的地,第2章,第7幕,1.0
character_106,坎特蕾拉,organization_327,桂冠,MEMBER_OF,坎特蕾拉被桂冠联络,第2章,第7幕,1.0
character_329,马蒂亚,organization_328,缥浪队,MEMBER_OF,马蒂亚是缥浪队的成员,第2章,第7幕,1.0
organization_328,缥浪队,location_330,卡庇托山,LOCATED_AT,缥浪队参加卡庇托山的大角斗赛,第2章,第7幕,1.0
entity_332,七丘人,character_114,岁主,ALLY,七丘人视岁主为强大的战友和引航者,第2章,第7幕,1.0
entity_332,七丘人,location_108,拉古那,ENEMY,七丘人认为拉古那传播错误的观念,第2章,第7幕,1.0
entity_332,七丘人,character_272,亚狮诺索,RELATES_TO,亚狮诺索是七丘人的精神图腾,第2章,第7幕,1.0
character_333,夜归,character_3,秧秧,APPEARS_IN,夜归与秧秧在归墟港市会合,第2章,第16幕,1.0
character_3,秧秧,entity_342,玩家昵称,INTERACTS_WITH,秧秧与玩家昵称对话，关心玩家昵称,第2章,第16幕,1.0
character_334,釉瑚,entity_342,玩家昵称,INTERACTS_WITH,釉瑚与玩家昵称对话，提出结伴,第2章,第16幕,1.0
character_334,釉瑚,character_3,秧秧,INTERACTS_WITH,釉瑚与秧秧对话，开玩笑,第2章,第16幕,1.0
character_3,秧秧,organization_253,黑海岸,MEMBER_OF,秧秧提到自己是夜归踏白，属于黑海岸,第2章,第16幕,1.0
character_336,妮娅,organization_253,黑海岸,MEMBER_OF,妮娅是黑海岸的执花,第2章,第16幕,1.0
entity_342,玩家昵称,organization_253,黑海岸,INTERACTS_WITH,玩家昵称与黑海岸的执花妮娅对话,第2章,第16幕,1.0
character_336,妮娅,item_337,泰缇斯系统,RELATES_TO,妮娅提到泰缇斯系统指挥黑海岸成员行动,第2章,第16幕,1.0
character_338,霍德,organization_253,黑海岸,MEMBER_OF,霍德是黑海岸执花的名字,第2章,第16幕,1.0
character_338,霍德,item_339,引力源,RELATES_TO,霍德与引力源有关,第2章,第16幕,1.0
entity_342,玩家昵称,item_256,黑花,OWNS,秋水给玩家昵称黑花,第2章,第16幕,1.0
character_334,釉瑚,location_72,今州,LOCATED_AT,釉瑚来自今州城,第2章,第16幕,1.0
character_334,釉瑚,location_176,乘霄山,RELATES_TO,釉瑚提到乘霄山的古董,第2章,第16幕,1.0
character_334,釉瑚,location_340,稷廷,RELATES_TO,釉瑚提到稷廷的古董,第2章,第16幕,1.0
organization_138,炽霞,character_17,漂泊者,INTERACTS_WITH,讨论小家伙的情况,第1章,第8幕,1.0
organization_138,炽霞,character_343,小家伙,INTERACTS_WITH,讨论小家伙的情况,第1章,第8幕,1.0
character_3,秧秧,character_17,漂泊者,INTERACTS_WITH,解释小家伙的情况,第1章,第8幕,1.0
character_3,秧秧,character_343,小家伙,INTERACTS_WITH,解释小家伙的情况,第1章,第8幕,1.0
character_9,白芷,character_17,漂泊者,INTERACTS_WITH,对漂泊者和小家伙进行了检查,第1章,第8幕,1.0
character_9,白芷,character_343,小家伙,INTERACTS_WITH,对漂泊者和小家伙进行了检查,第1章,第8幕,1.0
character_203,忌炎将军,character_17,漂泊者,INTERACTS_WITH,讨论小家伙的情况,第1章,第8幕,1.0
character_343,小家伙,character_17,漂泊者,RELATES_TO,依存性趋同的关系,第1章,第8幕,1.0
character_343,小家伙,location_73,北落野,LOCATED_AT,从漂泊者体内涌现的地方,第1章,第8幕,1.0
character_9,白芷,organization_16,研究院,MEMBER_OF,白芷在研究院工作,第1章,第8幕,1.0
character_343,小家伙,character_90,无冠者,RELATES_TO,与无冠者的力量同源,第1章,第8幕,1.0
character_9,白芷,location_344,蜃境,LOCATED_AT,白芷不得不去蜃境处理事务,第1章,第8幕,1.0
character_17,漂泊者,location_64,拉海洛,LOCATED_AT,漂泊者在拉海洛寻找导致其丢失的源头,第3章,第4幕,1.0
character_346,隧者,location_64,拉海洛,LOCATED_AT,隧者位于地上冰原的拉海洛,第3章,第4幕,1.0
character_17,漂泊者,item_347,罗伊人的三纪神话,RELATES_TO,漂泊者认为罗伊人的三纪神话与隧者有关,第3章,第4幕,1.0
character_348,洛瑟菈,event_351,炉芯纪,PARTicipates_IN,洛瑟菈讲述罗伊人的三纪神话中的炉芯纪,第3章,第4幕,1.0
character_349,娜波摩,event_351,炉芯纪,PARTicipates_IN,娜波摩讲述炉芯纪中隧者和鸣式的故事,第3章,第4幕,1.0
character_346,隧者,character_238,鸣式,ENEMY,隧者和鸣式进行了激烈的交战,第3章,第4幕,1.0
character_350,爱弥斯,organization_355,拉贝尔学部,MEMBER_OF,爱弥斯是拉贝尔学部的学生,第3章,第4幕,1.0
character_350,爱弥斯,location_357,虚境作训场,LOCATED_AT,爱弥斯在虚境作训场失踪,第3章,第4幕,1.0
character_350,爱弥斯,item_359,隧者炉芯的核心,OWNS,爱弥斯依附于隧者炉芯的核心存在,第3章,第4幕,1.0
character_17,漂泊者,character_350,爱弥斯,INTERACTS_WITH,漂泊者与爱弥斯有对话交流,第3章,第4幕,1.0
character_350,爱弥斯,character_310,莫宁,HELPS,爱弥斯救助了莫宁,第3章,第4幕,1.0
character_349,娜波摩,character_356,西格莉卡,INTERACTS_WITH,娜波摩邀请西格莉卡一起去图书馆,第3章,第4幕,1.0
character_350,爱弥斯,character_358,日灵,ALLY,日灵帮助爱弥斯增强力量,第3章,第4幕,1.0
character_60,阿布,character_17,漂泊者,INTERACTS_WITH,阿布和漂泊者讨论接下来的行动,第2章,第2幕,1.0
character_17,漂泊者,location_361,埃弗拉德银行,LOCATED_AT,漂泊者前往埃弗拉德银行领取启动资金,第2章,第2幕,1.0
character_17,漂泊者,item_362,声骸船,OWNS,漂泊者乘坐声骸船前往埃弗拉德银行,第2章,第2幕,1.0
character_118,赞妮,character_17,漂泊者,INTERACTS_WITH,赞妮在银行接待漂泊者并协助提取资金,第2章,第2幕,1.0
character_118,赞妮,location_361,埃弗拉德银行,LOCATED_AT,赞妮在埃弗拉德银行工作,第2章,第2幕,1.0
character_118,赞妮,organization_123,莫塔里家族,MEMBER_OF,赞妮受莫塔里家族指示工作,第2章,第2幕,1.0
item_363,墨丘利,location_361,埃弗拉德银行,LOCATED_AT,墨丘利是埃弗拉德银行的自助提款机,第2章,第2幕,1.0
character_118,赞妮,location_364,玛格烈特家庭餐馆,LOCATED_AT,赞妮带漂泊者去玛格烈特家庭餐馆用餐,第2章,第2幕,1.0
character_365,玛格烈特,location_364,玛格烈特家庭餐馆,LOCATED_AT,玛格烈特在玛格烈特家庭餐馆工作,第2章,第2幕,1.0
character_118,赞妮,event_368,拍卖会,PARTicipates_IN,赞妮提到拍卖会最后一批拍品已经抵达,第2章,第2幕,1.0
character_369,隆巴迪先生,event_368,拍卖会,PARTicipates_IN,隆巴迪先生为拍卖会的珍品购买了高额保险,第2章,第2幕,1.0
character_118,赞妮,item_370,蜜露果酒,OWNS,赞妮向漂泊者推荐蜜露果酒,第2章,第2幕,1.0
organization_123,莫塔里家族,event_371,狂欢节,PARTicipates_IN,莫塔里家族为岁主敬献的声骸演出是狂欢节的一部分,第2章,第2幕,1.0
character_60,阿布,character_17,漂泊者,INTERACTS_WITH,阿布和漂泊者在烈日酒馆中对话,第2章,第10幕,1.0
character_17,漂泊者,character_40,奥古斯塔,INTERACTS_WITH,漂泊者和奥古斯塔有会面安排,第2章,第10幕,1.0
character_17,漂泊者,event_376,大角斗赛,PARTicipates_IN,漂泊者是大角斗赛的冠军,第2章,第10幕,1.0
character_373,涅索,character_17,漂泊者,INTERACTS_WITH,涅索与漂泊者讨论关于奥古斯塔的事情,第2章,第10幕,1.0
character_373,涅索,character_40,奥古斯塔,RELATES_TO,涅索正在创作关于奥古斯塔的诗歌,第2章,第10幕,1.0
character_373,涅索,item_374,烈阳昔叙之诗,OWNS,涅索准备讲述烈阳昔叙之诗,第2章,第10幕,1.0
character_40,奥古斯塔,location_264,总督宫,LOCATED_AT,奥古斯塔位于总督宫,第2章,第10幕,1.0
character_17,漂泊者,location_48,七丘,LOCATED_AT,漂泊者目前在七丘,第2章,第10幕,1.0
character_60,阿布,location_48,七丘,LOCATED_AT,阿布目前在七丘,第2章,第10幕,1.0
character_375,卡托,character_40,奥古斯塔,RELATES_TO,卡托可能对奥古斯塔有所期待,第2章,第10幕,1.0
